{
"type": "FeatureCollection",
"name": "DFD_Battalions",
"crs": { "type": "name", "properties": { "name": "urn:ogc:def:crs:OGC:1.3:CRS84" } },
"features": [
{ "type": "Feature", "properties": { "FID": 1, "Battalion": "01", "Shape__Area": 42436608.339843802, "Shape__Length": 28850.327414323299, "Label_Name": "1st" }, "geometry": { "type": "Polygon", "coordinates": [ [ [ -83.012414390245794, 42.363299398154503 ], [ -83.012360225798801, 42.363221676642503 ], [ -83.011953652732799, 42.362489273840502 ], [ -83.011925421734205, 42.362363892101698 ], [ -83.011703837088604, 42.362034393967903 ], [ -83.011354762677996, 42.3615062801045 ], [ -83.010438414525893, 42.360117436251201 ], [ -83.008862133664294, 42.357726582797397 ], [ -83.007467180115697, 42.355612164159098 ], [ -83.006273359155898, 42.353800370300299 ], [ -83.006147980754093, 42.353609870597502 ], [ -83.005158369020407, 42.352112054142303 ], [ -83.004028765727497, 42.350400860380603 ], [ -83.002922470654397, 42.348665933225 ], [ -83.002681232189602, 42.348424417117599 ], [ -83.002466127358304, 42.348109607520101 ], [ -83.002127307491506, 42.347631540673099 ], [ -83.001781039071005, 42.347295519938299 ], [ -83.001592838283798, 42.3470489684372 ], [ -83.001357992520198, 42.346726767163403 ], [ -83.001167174064307, 42.3464125649678 ], [ -83.000758199326199, 42.3456852791942 ], [ -82.991707594336503, 42.332364534450001 ], [ -83.004569459332302, 42.331764908917201 ], [ -83.0081083786704, 42.331599665215897 ], [ -83.014075603434193, 42.331320793718298 ], [ -83.019024003358098, 42.330616049449702 ], [ -83.019325472558606, 42.3305441483149 ], [ -83.024005762084698, 42.329427763037302 ], [ -83.026405859835705, 42.328868023941602 ], [ -83.039152732266103, 42.324770815973899 ], [ -83.039708034964306, 42.324507023359999 ], [ -83.040579895933305, 42.324092843696299 ], [ -83.040735084237298, 42.324048566588303 ], [ -83.049810130998907, 42.321458883786804 ], [ -83.060310725030703, 42.317964567571899 ], [ -83.060328677425801, 42.317958592132797 ], [ -83.063636744507306, 42.316857474052398 ], [ -83.065627694297703, 42.320134193721699 ], [ -83.065927419122104, 42.32065086027 ], [ -83.066184706517504, 42.321108114340397 ], [ -83.066327915536803, 42.321362627236603 ], [ -83.066149189188195, 42.321671980479898 ], [ -83.066389569475504, 42.321792414252997 ], [ -83.066512172559698, 42.321876626902601 ], [ -83.066618131878798, 42.321967298165497 ], [ -83.066676146199896, 42.322037247268902 ], [ -83.066730418188698, 42.322117194763401 ], [ -83.066771038961207, 42.322189104573603 ], [ -83.066849469790398, 42.322362360362298 ], [ -83.067386709061296, 42.323300175082899 ], [ -83.067592369076394, 42.3236689640148 ], [ -83.067652725351607, 42.323777195761203 ], [ -83.067670847069294, 42.323809689038796 ], [ -83.067704563533198, 42.323863160200098 ], [ -83.067734756245002, 42.3239110391156 ], [ -83.067897865994496, 42.324169707996397 ], [ -83.068395697071395, 42.325039129164203 ], [ -83.068792807566098, 42.325738844741998 ], [ -83.068884731397205, 42.325902245377897 ], [ -83.069086810115706, 42.326261730679398 ], [ -83.069264478373199, 42.32657383814 ], [ -83.069376444145504, 42.326774112160102 ], [ -83.069919673618401, 42.327726175547703 ], [ -83.069996595424897, 42.3279056560256 ], [ -83.070306890043298, 42.328414531703601 ], [ -83.0705173581607, 42.328778096207799 ], [ -83.070840863906596, 42.329347278089401 ], [ -83.071012797193205, 42.3296492929164 ], [ -83.071642028626798, 42.330753217285 ], [ -83.071727697220496, 42.330902446434798 ], [ -83.071915808283705, 42.331240733483803 ], [ -83.072021484267097, 42.331398910209799 ], [ -83.072122520078594, 42.331593695597803 ], [ -83.072377718624296, 42.332058655993102 ], [ -83.072533639304794, 42.332320451964897 ], [ -83.072583835683304, 42.332414632171798 ], [ -83.072634262608801, 42.332610394838703 ], [ -83.072714905281799, 42.3327169533976 ], [ -83.072804507388398, 42.332819369564398 ], [ -83.072877761329494, 42.332903492143998 ], [ -83.073019956180502, 42.333145249991901 ], [ -83.073095336048596, 42.333273246279397 ], [ -83.073188062880305, 42.333430883438901 ], [ -83.073276453977499, 42.333581086890703 ], [ -83.073387236022697, 42.333769363300199 ], [ -83.073438959812293, 42.3338735891952 ], [ -83.073494648631794, 42.333985602817499 ], [ -83.073682971584006, 42.334321596702999 ], [ -83.074109363401604, 42.335068226277698 ], [ -83.074230440169103, 42.335275346547697 ], [ -83.074449212954406, 42.335664526020999 ], [ -83.074537463784594, 42.335821514954702 ], [ -83.074712994871206, 42.336132491312497 ], [ -83.074962895880802, 42.336575221720501 ], [ -83.075819125871604, 42.338082872121902 ], [ -83.076245149020593, 42.338838831442402 ], [ -83.076677823972702, 42.339590542727599 ], [ -83.077114805299104, 42.340369314140197 ], [ -83.077198173287996, 42.340516846059899 ], [ -83.077529772139101, 42.341097950481199 ], [ -83.077902525490501, 42.341755334194801 ], [ -83.078276007302094, 42.342413085921898 ], [ -83.078648892131696, 42.343070738609597 ], [ -83.079017764824698, 42.3437232130645 ], [ -83.079328520877993, 42.344269049703698 ], [ -83.079628680781795, 42.344799187407702 ], [ -83.079877370037806, 42.3452356400323 ], [ -83.080005291772807, 42.345458578413897 ], [ -83.080301516299997, 42.345981388036499 ], [ -83.080728785101797, 42.3467410349975 ], [ -83.081162743344706, 42.3475064285252 ], [ -83.081451315237004, 42.348018414548903 ], [ -83.081553057116494, 42.3481524785009 ], [ -83.081771432798107, 42.348587948615801 ], [ -83.081988891719703, 42.3489744305719 ], [ -83.082383842492206, 42.349672567749401 ], [ -83.082697777564505, 42.350225993796499 ], [ -83.0829969505386, 42.350753771497899 ], [ -83.081796406275004, 42.351132309655299 ], [ -83.081182376307098, 42.351323353173697 ], [ -83.080566514089497, 42.351514175462498 ], [ -83.079951207387495, 42.351708368251401 ], [ -83.079338696006204, 42.351901856525998 ], [ -83.079032862693794, 42.3519984155974 ], [ -83.0787327409179, 42.352102279698201 ], [ -83.078486369376606, 42.352287378653401 ], [ -83.078162625880296, 42.352432908484801 ], [ -83.077912838469601, 42.3525299828827 ], [ -83.077486565545399, 42.352689648910399 ], [ -83.076592297784202, 42.3529753114016 ], [ -83.076584838694401, 42.352975347273301 ], [ -83.074013347279106, 42.353765023782302 ], [ -83.073679760678601, 42.353870352012599 ], [ -83.073480713614501, 42.353936267324798 ], [ -83.073100242123104, 42.354063006994203 ], [ -83.072889384452196, 42.354133086101903 ], [ -83.072105221033894, 42.354382738842297 ], [ -83.071636867352495, 42.354529653269701 ], [ -83.071411427511606, 42.354600282711999 ], [ -83.071177061324605, 42.354674052181302 ], [ -83.070951857554206, 42.354744954438303 ], [ -83.069580980355298, 42.3551748882442 ], [ -83.068987498127996, 42.355360984478601 ], [ -83.068700466478901, 42.355450984313997 ], [ -83.066961456844894, 42.3559990557983 ], [ -83.066716176811994, 42.356089168592398 ], [ -83.066486065260904, 42.356173781172799 ], [ -83.065333668718594, 42.356649491528202 ], [ -83.0651130946043, 42.356736462624198 ], [ -83.064597883686503, 42.356916486195203 ], [ -83.064389505750597, 42.356965687902402 ], [ -83.064130011134296, 42.357026909218497 ], [ -83.063726887120595, 42.357158512763597 ], [ -83.063497265866701, 42.357238963335597 ], [ -83.062922842737294, 42.357455416046598 ], [ -83.062405374222493, 42.357670912219902 ], [ -83.0622088355382, 42.357754068798798 ], [ -83.062042090577194, 42.357820853277097 ], [ -83.060849892776602, 42.358397086770701 ], [ -83.060375344587996, 42.358628432108802 ], [ -83.059955789485201, 42.3588365478589 ], [ -83.059218911414604, 42.359200106367297 ], [ -83.058832859298903, 42.359366873776601 ], [ -83.058815100906699, 42.359374545912701 ], [ -83.058038922287906, 42.359667167591503 ], [ -83.057363629380902, 42.359904985768097 ], [ -83.057176532449105, 42.3599691874199 ], [ -83.0567972006194, 42.360099330432803 ], [ -83.056544243539093, 42.360195094700998 ], [ -83.055837872107901, 42.3604624630022 ], [ -83.055248168882201, 42.360677689908002 ], [ -83.055005067963506, 42.360766452363798 ], [ -83.054584444066506, 42.360919881658603 ], [ -83.054369488292906, 42.361011950236097 ], [ -83.053898199305095, 42.361170362106201 ], [ -83.0535957559906, 42.361280765357499 ], [ -83.052427978315393, 42.361705025902602 ], [ -83.051842381856105, 42.361915282975602 ], [ -83.051664627908593, 42.361981896135703 ], [ -83.051484845474903, 42.3620532612738 ], [ -83.051017972842104, 42.362256887704397 ], [ -83.050781516852595, 42.362308825925098 ], [ -83.050596115716502, 42.362339711613501 ], [ -83.050415318919903, 42.362365845821799 ], [ -83.050170712957794, 42.3623984330914 ], [ -83.050044975931996, 42.362417884943397 ], [ -83.049894642939805, 42.362448061521299 ], [ -83.049706283613503, 42.362495107961799 ], [ -83.049521912498506, 42.362550377859499 ], [ -83.049233401528994, 42.362645110267898 ], [ -83.047399493109197, 42.363311262590102 ], [ -83.046638263050298, 42.363588390667097 ], [ -83.046313420297807, 42.363705870654599 ], [ -83.046106056860495, 42.363780863890199 ], [ -83.045111329489202, 42.3641406086711 ], [ -83.0443542813683, 42.364414395623101 ], [ -83.043661480051995, 42.3633660847904 ], [ -83.043318902929997, 42.3628481409445 ], [ -83.042965875161698, 42.362319448422298 ], [ -83.042715722470106, 42.361949435901302 ], [ -83.042272702100306, 42.361273735381197 ], [ -83.042029698030802, 42.360904795097802 ], [ -83.041581843120497, 42.360228766058299 ], [ -83.040924314051395, 42.359236659094499 ], [ -83.040489732303101, 42.358582040905198 ], [ -83.0400235066503, 42.357878151741701 ], [ -83.039584285500794, 42.357214910944798 ], [ -83.03914484053, 42.356551214610398 ], [ -83.038922877772507, 42.3562160120972 ], [ -83.0387024606446, 42.355883251102803 ], [ -83.038261942110694, 42.3552195385573 ], [ -83.037814050422597, 42.355382397486103 ], [ -83.036718801267497, 42.355780878022102 ], [ -83.035180779422802, 42.356340004955399 ], [ -83.034702851673501, 42.356515378901697 ], [ -83.034236200631099, 42.356685570828901 ], [ -83.033150567128601, 42.357081619098501 ], [ -83.032679128203299, 42.357253444844503 ], [ -83.032180668818697, 42.357434974349701 ], [ -83.031703599108099, 42.357608710807099 ], [ -83.031223832294202, 42.357783491348698 ], [ -83.030742256831005, 42.357958642986603 ], [ -83.030267376257697, 42.358131251243101 ], [ -83.029773437122003, 42.3583113603935 ], [ -83.0292872836432, 42.358489123550598 ], [ -83.028132953463796, 42.3589097049191 ], [ -83.027766364489807, 42.359043053258397 ], [ -83.0273866501458, 42.359199656235504 ], [ -83.024182052594895, 42.360367714733101 ], [ -83.021617029999106, 42.361299613984798 ], [ -83.020947321676303, 42.361541974674303 ], [ -83.020344660592102, 42.361761205461498 ], [ -83.019034486891698, 42.3622408825806 ], [ -83.0183105730747, 42.362502132366302 ], [ -83.017724808911098, 42.362713527493199 ], [ -83.016421773525494, 42.363186865927503 ], [ -83.015431658701701, 42.3635510049304 ], [ -83.014954513979603, 42.363726965445402 ], [ -83.0144798334901, 42.363901365011998 ], [ -83.0140032573063, 42.364076219055796 ], [ -83.013814775142095, 42.364145554895103 ], [ -83.013244045329301, 42.364356380696599 ], [ -83.013059175501397, 42.3644256278087 ], [ -83.012414390245794, 42.363299398154503 ] ] ] } },
{ "type": "Feature", "properties": { "FID": 2, "Battalion": "05", "Shape__Area": 68029104.753906295, "Shape__Length": 35663.447407144697, "Label_Name": "5th" }, "geometry": { "type": "Polygon", "coordinates": [ [ [ -83.073841693357707, 42.398720558493601 ], [ -83.073713527780299, 42.398564094576699 ], [ -83.073140932119699, 42.397865062603501 ], [ -83.072801729547194, 42.397450951713203 ], [ -83.072750911237605, 42.397388912273797 ], [ -83.071262704114204, 42.395571976621099 ], [ -83.069445323424105, 42.393352986095003 ], [ -83.069300869626503, 42.393166387095597 ], [ -83.069163626724205, 42.392989098507798 ], [ -83.068989463198307, 42.392764114060498 ], [ -83.068850266676094, 42.392584300530999 ], [ -83.067544626174097, 42.3908976222394 ], [ -83.066750637802897, 42.389871862263597 ], [ -83.0666319667301, 42.389706228935403 ], [ -83.066446997231594, 42.389765945666802 ], [ -83.066391872774801, 42.389784618280501 ], [ -83.064240677603806, 42.390588904642499 ], [ -83.064052284086699, 42.390652916405202 ], [ -83.062487651335204, 42.391242815786697 ], [ -83.061937230264604, 42.390409695211801 ], [ -83.0616899794733, 42.390046963885801 ], [ -83.060981891439596, 42.389004654525301 ], [ -83.060580098193299, 42.388413211287002 ], [ -83.059914391564305, 42.387430997985597 ], [ -83.059743684126403, 42.387179130857099 ], [ -83.059268286248098, 42.386485069177901 ], [ -83.057991256769398, 42.384617521797502 ], [ -83.057930970651498, 42.384522003616198 ], [ -83.057739722743804, 42.384247856440403 ], [ -83.056446466504894, 42.382317589277903 ], [ -83.056152201926693, 42.381901592907802 ], [ -83.055941784069702, 42.3816131848479 ], [ -83.055834710475196, 42.381457268278503 ], [ -83.055818275792504, 42.381406164255097 ], [ -83.055817430330706, 42.3813702049246 ], [ -83.055813401775197, 42.381363155968799 ], [ -83.055813376121804, 42.381362064381797 ], [ -83.055742422586704, 42.381237914987103 ], [ -83.055642691901198, 42.381083373274599 ], [ -83.0550085448955, 42.380066497579001 ], [ -83.054911702117295, 42.379880004344102 ], [ -83.054747768609602, 42.379595185983703 ], [ -83.054747050264098, 42.379595446004899 ], [ -83.054402291066793, 42.379026108516697 ], [ -83.053396675999196, 42.378019207305002 ], [ -83.053021864587606, 42.377467335897101 ], [ -83.052824696937094, 42.377135957267299 ], [ -83.052436096274505, 42.376547367764601 ], [ -83.052046295229005, 42.375958402779098 ], [ -83.051559295669804, 42.375228028254497 ], [ -83.051237904101498, 42.3747415985085 ], [ -83.051043625708303, 42.3744468965536 ], [ -83.050999204949903, 42.374393888156597 ], [ -83.050928805585301, 42.374328963455902 ], [ -83.050824874039606, 42.374259058027597 ], [ -83.050706436652405, 42.374203300828903 ], [ -83.050606689832193, 42.374171080669903 ], [ -83.050479492490794, 42.374118378514098 ], [ -83.050520567028499, 42.373780617130997 ], [ -83.050456988745694, 42.373635458575301 ], [ -83.050370586810999, 42.373477718721396 ], [ -83.050144849536807, 42.373104026940702 ], [ -83.0500843711323, 42.373002309079197 ], [ -83.049913232573303, 42.372755158214801 ], [ -83.049770615119201, 42.372552421782103 ], [ -83.049644759189903, 42.372374801939202 ], [ -83.049427829063703, 42.372055950090299 ], [ -83.049193334035905, 42.371707750523001 ], [ -83.049130706528999, 42.371608519311899 ], [ -83.048563457432607, 42.370777164612697 ], [ -83.048497950884695, 42.370670606310497 ], [ -83.047815035950705, 42.369630631048899 ], [ -83.047458305788695, 42.369094838646603 ], [ -83.047350861938796, 42.3689334590782 ], [ -83.047120772709107, 42.368588629539502 ], [ -83.046766952039206, 42.368052641730799 ], [ -83.046642512021705, 42.367864130875397 ], [ -83.046429672153195, 42.367541707136702 ], [ -83.045824342757498, 42.366631289452499 ], [ -83.045304699782307, 42.365849543427899 ], [ -83.044828068506305, 42.365130062724603 ], [ -83.0443542813683, 42.364414395623101 ], [ -83.045111329489202, 42.3641406086711 ], [ -83.046106056860495, 42.363780863890199 ], [ -83.046313420297807, 42.363705870654599 ], [ -83.046638263050298, 42.363588390667097 ], [ -83.047399493109197, 42.363311262590102 ], [ -83.049233401528994, 42.362645110267898 ], [ -83.049521912498506, 42.362550377859499 ], [ -83.049706283613503, 42.362495107961799 ], [ -83.049894642939805, 42.362448061521299 ], [ -83.050044975931996, 42.362417884943397 ], [ -83.050170712957794, 42.3623984330914 ], [ -83.050415318919903, 42.362365845821799 ], [ -83.050596115716502, 42.362339711613501 ], [ -83.050781516852595, 42.362308825925098 ], [ -83.051017972842104, 42.362256887704397 ], [ -83.051484845474903, 42.3620532612738 ], [ -83.051664627908593, 42.361981896135703 ], [ -83.051842381856105, 42.361915282975602 ], [ -83.052427978315393, 42.361705025902602 ], [ -83.0535957559906, 42.361280765357499 ], [ -83.053898199305095, 42.361170362106201 ], [ -83.054369488292906, 42.361011950236097 ], [ -83.054584444066506, 42.360919881658603 ], [ -83.055005067963506, 42.360766452363798 ], [ -83.055248168882201, 42.360677689908002 ], [ -83.055837872107901, 42.3604624630022 ], [ -83.056544243539093, 42.360195094700998 ], [ -83.0567972006194, 42.360099330432803 ], [ -83.057176532449105, 42.3599691874199 ], [ -83.057363629380902, 42.359904985768097 ], [ -83.058038922287906, 42.359667167591503 ], [ -83.058815100906699, 42.359374545912701 ], [ -83.058832859298903, 42.359366873776601 ], [ -83.059218911414604, 42.359200106367297 ], [ -83.059955789485201, 42.3588365478589 ], [ -83.060375344587996, 42.358628432108802 ], [ -83.060849892776602, 42.358397086770701 ], [ -83.062042090577194, 42.357820853277097 ], [ -83.0622088355382, 42.357754068798798 ], [ -83.062405374222493, 42.357670912219902 ], [ -83.062922842737294, 42.357455416046598 ], [ -83.063497265866701, 42.357238963335597 ], [ -83.063726887120595, 42.357158512763597 ], [ -83.064130011134296, 42.357026909218497 ], [ -83.064389505750597, 42.356965687902402 ], [ -83.064597883686503, 42.356916486195203 ], [ -83.0651130946043, 42.356736462624198 ], [ -83.065333668718594, 42.356649491528202 ], [ -83.066486065260904, 42.356173781172799 ], [ -83.066716176811994, 42.356089168592398 ], [ -83.066961456844894, 42.3559990557983 ], [ -83.068700466478901, 42.355450984313997 ], [ -83.068987498127996, 42.355360984478601 ], [ -83.069580980355298, 42.3551748882442 ], [ -83.070951857554206, 42.354744954438303 ], [ -83.071177061324605, 42.354674052181302 ], [ -83.071411427511606, 42.354600282711999 ], [ -83.071636867352495, 42.354529653269701 ], [ -83.072105221033894, 42.354382738842297 ], [ -83.072889384452196, 42.354133086101903 ], [ -83.073100242123104, 42.354063006994203 ], [ -83.073480713614501, 42.353936267324798 ], [ -83.073679760678601, 42.353870352012599 ], [ -83.074013347279106, 42.353765023782302 ], [ -83.076584838694401, 42.352975347273301 ], [ -83.076592297784202, 42.3529753114016 ], [ -83.077486565545399, 42.352689648910399 ], [ -83.077912838469601, 42.3525299828827 ], [ -83.078162625880296, 42.352432908484801 ], [ -83.078486369376606, 42.352287378653401 ], [ -83.0787327409179, 42.352102279698201 ], [ -83.079032862693794, 42.3519984155974 ], [ -83.079338696006204, 42.351901856525998 ], [ -83.079951207387495, 42.351708368251401 ], [ -83.080566514089497, 42.351514175462498 ], [ -83.081182376307098, 42.351323353173697 ], [ -83.081796406275004, 42.351132309655299 ], [ -83.0829969505386, 42.350753771497899 ], [ -83.082697777564505, 42.350225993796499 ], [ -83.082383842492206, 42.349672567749401 ], [ -83.081988891719703, 42.3489744305719 ], [ -83.081771432798107, 42.348587948615801 ], [ -83.081553057116494, 42.3481524785009 ], [ -83.081451315237004, 42.348018414548903 ], [ -83.081162743344706, 42.3475064285252 ], [ -83.080728785101797, 42.3467410349975 ], [ -83.080301516299997, 42.345981388036499 ], [ -83.080005291772807, 42.345458578413897 ], [ -83.079877370037806, 42.3452356400323 ], [ -83.079628680781795, 42.344799187407702 ], [ -83.079328520877993, 42.344269049703698 ], [ -83.079017764824698, 42.3437232130645 ], [ -83.078648892131696, 42.343070738609597 ], [ -83.078276007302094, 42.342413085921898 ], [ -83.077902525490501, 42.341755334194801 ], [ -83.077529772139101, 42.341097950481199 ], [ -83.077198173287996, 42.340516846059899 ], [ -83.077114805299104, 42.340369314140197 ], [ -83.076677823972702, 42.339590542727599 ], [ -83.076245149020593, 42.338838831442402 ], [ -83.075819125871604, 42.338082872121902 ], [ -83.074962895880802, 42.336575221720501 ], [ -83.074712994871206, 42.336132491312497 ], [ -83.074537463784594, 42.335821514954702 ], [ -83.074449212954406, 42.335664526020999 ], [ -83.074230440169103, 42.335275346547697 ], [ -83.074109363401604, 42.335068226277698 ], [ -83.073682971584006, 42.334321596702999 ], [ -83.073494648631794, 42.333985602817499 ], [ -83.073438959812293, 42.3338735891952 ], [ -83.073387236022697, 42.333769363300199 ], [ -83.073276453977499, 42.333581086890703 ], [ -83.073188062880305, 42.333430883438901 ], [ -83.073095336048596, 42.333273246279397 ], [ -83.073019956180502, 42.333145249991901 ], [ -83.072877761329494, 42.332903492143998 ], [ -83.072804507388398, 42.332819369564398 ], [ -83.072714905281799, 42.3327169533976 ], [ -83.072634262608801, 42.332610394838703 ], [ -83.072583835683304, 42.332414632171798 ], [ -83.072533639304794, 42.332320451964897 ], [ -83.072377718624296, 42.332058655993102 ], [ -83.072122520078594, 42.331593695597803 ], [ -83.072021484267097, 42.331398910209799 ], [ -83.073363312654806, 42.3313909629778 ], [ -83.073511366683704, 42.331390185194998 ], [ -83.073681201879197, 42.331389350199601 ], [ -83.074429599264903, 42.3313855516449 ], [ -83.074998545253905, 42.331382660500402 ], [ -83.076478761405099, 42.331355032009498 ], [ -83.077769994320704, 42.331362409765198 ], [ -83.077885901997604, 42.331367415342903 ], [ -83.079044461511998, 42.331360131039403 ], [ -83.080212338446302, 42.331354111076003 ], [ -83.080401653908595, 42.331353556225999 ], [ -83.081094864184905, 42.331351767666199 ], [ -83.081325357000907, 42.331351172702902 ], [ -83.081773710565201, 42.3313500156993 ], [ -83.081936129248305, 42.331353385579597 ], [ -83.082232861478801, 42.331369530816701 ], [ -83.082448063230103, 42.331386925165098 ], [ -83.083169121710696, 42.3314409137461 ], [ -83.083450685962902, 42.331460890991103 ], [ -83.083779427983103, 42.331478909565803 ], [ -83.084312396776198, 42.331483815297297 ], [ -83.084571690283198, 42.331485394966101 ], [ -83.085288389355497, 42.331474171381998 ], [ -83.085804884483593, 42.331467728090203 ], [ -83.086862681775699, 42.331464384798899 ], [ -83.087325341091201, 42.331457623559103 ], [ -83.087689832467404, 42.331462372104703 ], [ -83.088221416045798, 42.3314618423572 ], [ -83.089053495592594, 42.331456809397103 ], [ -83.089238816852898, 42.331455744624201 ], [ -83.090373621086002, 42.331448169028299 ], [ -83.090512044484299, 42.331447200404803 ], [ -83.090662978551705, 42.331446139106497 ], [ -83.0918857287229, 42.331437887878501 ], [ -83.091993883029204, 42.331437128403898 ], [ -83.092115469501096, 42.331436313523803 ], [ -83.093009491987502, 42.3314312918802 ], [ -83.093161270405204, 42.331431068707097 ], [ -83.093310014467093, 42.331431112910799 ], [ -83.093819067481107, 42.331431230595499 ], [ -83.094145205006996, 42.331423521302398 ], [ -83.094286238439807, 42.331420169680797 ], [ -83.094439266266207, 42.3314148436409 ], [ -83.095096549169298, 42.331376045590197 ], [ -83.095434918334504, 42.331349609013401 ], [ -83.095860339559906, 42.331323789019699 ], [ -83.096800926838498, 42.331279524450501 ], [ -83.098540363203895, 42.331272579319702 ], [ -83.099583366262905, 42.331327870613897 ], [ -83.101368392020007, 42.331314488778197 ], [ -83.102313025517702, 42.3312998143683 ], [ -83.102690053656005, 42.331299481643001 ], [ -83.102826923279494, 42.331302815209099 ], [ -83.103014519742004, 42.331299239377302 ], [ -83.104494009291102, 42.331210459748903 ], [ -83.105830771318594, 42.331199314391199 ], [ -83.107398734170701, 42.331207396706297 ], [ -83.108168685710197, 42.331201894232898 ], [ -83.108955147206402, 42.331195939271701 ], [ -83.109519383523704, 42.331191747794399 ], [ -83.110643959118704, 42.331184034502499 ], [ -83.111478710049994, 42.331178416533 ], [ -83.111773199064999, 42.331173714490603 ], [ -83.112828807520799, 42.331169491828703 ], [ -83.113041788833002, 42.331167311748402 ], [ -83.113206794511001, 42.331167318665202 ], [ -83.114003454613197, 42.3311624723463 ], [ -83.114719377473705, 42.331158219753299 ], [ -83.115408555832204, 42.331156702041802 ], [ -83.115533499968194, 42.331156428539401 ], [ -83.115670869661599, 42.331155820994098 ], [ -83.116523048887103, 42.331149026398002 ], [ -83.116817051854895, 42.331146137320502 ], [ -83.118843695336295, 42.331126222676801 ], [ -83.119979620428197, 42.331115030164 ], [ -83.120342110114294, 42.331120093917598 ], [ -83.120790852519903, 42.331740621542899 ], [ -83.121342085213399, 42.332492738569698 ], [ -83.121674253983201, 42.3329478409646 ], [ -83.122202265709305, 42.333672327675004 ], [ -83.122730257431598, 42.334398431380698 ], [ -83.123265335724, 42.335134875546601 ], [ -83.123684580798994, 42.335712078493899 ], [ -83.123765459877703, 42.335824104653398 ], [ -83.123845117569601, 42.335933426994998 ], [ -83.124332524342606, 42.336606461932497 ], [ -83.124618981639102, 42.337000212379699 ], [ -83.124860430534994, 42.337333185404901 ], [ -83.124944923352501, 42.337452523609699 ], [ -83.125015725587303, 42.337547570567203 ], [ -83.125166243615496, 42.337755304249498 ], [ -83.125470199950598, 42.3381733501393 ], [ -83.125599084381307, 42.338350606836798 ], [ -83.125742502313201, 42.3385477400493 ], [ -83.126296552722494, 42.339310217898799 ], [ -83.126855794232995, 42.340080942291799 ], [ -83.127403534893503, 42.340837375878202 ], [ -83.127960647971804, 42.341603150619399 ], [ -83.128543220428796, 42.3424037402511 ], [ -83.129078717733506, 42.343132056476399 ], [ -83.129176900215299, 42.343261072208698 ], [ -83.129710567842096, 42.343861959634097 ], [ -83.130169083097599, 42.344378560043801 ], [ -83.130385770591005, 42.344646626015603 ], [ -83.130587058665697, 42.344895616462402 ], [ -83.131475256803498, 42.346124326970603 ], [ -83.1320270239015, 42.346886480314801 ], [ -83.132579125854093, 42.347650794507203 ], [ -83.133136795804603, 42.348416517867101 ], [ -83.133689809402298, 42.349172913697899 ], [ -83.134226849667201, 42.349908963528698 ], [ -83.134740937592099, 42.350621622351497 ], [ -83.135167939928195, 42.3512102645578 ], [ -83.135226955198505, 42.351292306683703 ], [ -83.135445845844004, 42.351599622788903 ], [ -83.135590263606801, 42.351843539903797 ], [ -83.135707181070998, 42.352080655034896 ], [ -83.135771871524796, 42.352192014866198 ], [ -83.135956772364096, 42.352450196038298 ], [ -83.136231590550906, 42.352831865408596 ], [ -83.137304305294904, 42.354306264052603 ], [ -83.138186644980806, 42.355519189623998 ], [ -83.138205744913506, 42.355578822224899 ], [ -83.138232968071506, 42.355663663678399 ], [ -83.138255660480795, 42.3561824433068 ], [ -83.138262345371501, 42.356336302631298 ], [ -83.138295347932896, 42.357090106125902 ], [ -83.138303478574102, 42.3572694054617 ], [ -83.138323439416595, 42.357692411395099 ], [ -83.138330627994506, 42.357857710238399 ], [ -83.138363454696503, 42.358614302990098 ], [ -83.138373930441006, 42.3588545527195 ], [ -83.138396987839997, 42.359378286573801 ], [ -83.138410203731098, 42.359663042610997 ], [ -83.138460951344001, 42.360756634352299 ], [ -83.138465508915999, 42.360855136132102 ], [ -83.138533533414204, 42.362429114495797 ], [ -83.138596587456703, 42.363984741203403 ], [ -83.138700495605903, 42.366162746441297 ], [ -83.138718714062307, 42.366594431120703 ], [ -83.138728180914299, 42.3668045040123 ], [ -83.138744990053198, 42.367178347565499 ], [ -83.138755191946103, 42.367406617217597 ], [ -83.138771436932402, 42.367778293716903 ], [ -83.138806538399507, 42.368672939872603 ], [ -83.138765911002594, 42.369056840841601 ], [ -83.138951617746301, 42.3700541045352 ], [ -83.138976706365796, 42.370902148750098 ], [ -83.138971441867398, 42.371632848005703 ], [ -83.139038586154996, 42.372526262062102 ], [ -83.139086516898303, 42.373489650240998 ], [ -83.139122792542807, 42.374351286042902 ], [ -83.139140664621905, 42.375258678835699 ], [ -83.139221113449395, 42.376149635253299 ], [ -83.138991715652196, 42.376148283337997 ], [ -83.138518884833402, 42.376150869173102 ], [ -83.138077274645994, 42.376157553602702 ], [ -83.1376565239201, 42.376157674949297 ], [ -83.137563912427396, 42.3761664030067 ], [ -83.137480886445999, 42.376194588683703 ], [ -83.137108575683499, 42.376336598433802 ], [ -83.136013787186201, 42.3767513417583 ], [ -83.1351227641197, 42.377085718990401 ], [ -83.134231004809095, 42.377419991301402 ], [ -83.133752779391799, 42.377597050733797 ], [ -83.133682317755998, 42.377618151651603 ], [ -83.133243021588001, 42.377782853319403 ], [ -83.133156081575194, 42.377861036280102 ], [ -83.1330682841471, 42.3779449867803 ], [ -83.132578051419003, 42.378129191467302 ], [ -83.132069690610905, 42.378320219126799 ], [ -83.131560177595503, 42.378510582827197 ], [ -83.131117363885195, 42.378675688332201 ], [ -83.1293943304061, 42.379332757896002 ], [ -83.129232997383198, 42.379396908617302 ], [ -83.127610435536994, 42.380007235507897 ], [ -83.125574773216698, 42.380783117680998 ], [ -83.124990402199501, 42.381008930801698 ], [ -83.125112503156103, 42.381189624335398 ], [ -83.124518393588204, 42.3814086782969 ], [ -83.121685593987195, 42.382459558985602 ], [ -83.118982299561097, 42.383460655105303 ], [ -83.116680207087398, 42.3843156496118 ], [ -83.1162136518913, 42.384488250154902 ], [ -83.115741639217006, 42.3846631126113 ], [ -83.1131791553357, 42.385619360427903 ], [ -83.112936905466597, 42.385695379872601 ], [ -83.112852434789602, 42.385734604912997 ], [ -83.1127780188028, 42.385769078775503 ], [ -83.109608342888905, 42.386954065830103 ], [ -83.107804489130103, 42.387627585629502 ], [ -83.107321082867401, 42.387807506897602 ], [ -83.107548665895905, 42.388140204871597 ], [ -83.107607686383204, 42.388218923598401 ], [ -83.107142258645794, 42.388387458978897 ], [ -83.105820189271299, 42.388866176204402 ], [ -83.105319971271797, 42.389043057215801 ], [ -83.104812505432804, 42.389223168983698 ], [ -83.104162530310603, 42.389459491735501 ], [ -83.103982279952405, 42.389525028361099 ], [ -83.103264258621095, 42.3898114943078 ], [ -83.103262977774705, 42.389812004990297 ], [ -83.103009759126806, 42.389463313688701 ], [ -83.102375926462699, 42.388615706059603 ], [ -83.102137090395402, 42.388266276013901 ], [ -83.102089341065493, 42.3882838179968 ], [ -83.100592284681298, 42.388822336614503 ], [ -83.097731419943599, 42.389851364448702 ], [ -83.094682547293402, 42.390947900243098 ], [ -83.091776990178502, 42.391992781270503 ], [ -83.088669293682898, 42.393110233246702 ], [ -83.0856611691014, 42.394235742232802 ], [ -83.082694958403806, 42.3953638561606 ], [ -83.079974413154602, 42.396398435075596 ], [ -83.079732449459001, 42.396490445586402 ], [ -83.079137464320894, 42.3967169035541 ], [ -83.078244106704503, 42.397056918272703 ], [ -83.077296716883794, 42.397417484745397 ], [ -83.076172354945101, 42.397845390764999 ], [ -83.075205087129504, 42.398211892761303 ], [ -83.0745480992707, 42.398461678079897 ], [ -83.073847743160698, 42.398727944917198 ], [ -83.073841693357707, 42.398720558493601 ] ] ] } },
{ "type": "Feature", "properties": { "FID": 3, "Battalion": "HTFD", "Shape__Area": 9955594.53515625, "Shape__Length": 14116.446465499201, "Label_Name": "HTFD" }, "geometry": { "type": "Polygon", "coordinates": [ [ [ -83.056917657639801, 42.408752522823001 ], [ -83.056473678055298, 42.408093620552599 ], [ -83.056031901184497, 42.407434471717899 ], [ -83.055642738693606, 42.406855503316201 ], [ -83.055574445792601, 42.406753644736298 ], [ -83.055102624101394, 42.406049911998203 ], [ -83.054662752123207, 42.405393932674897 ], [ -83.054219946830898, 42.404733503853699 ], [ -83.054022878775896, 42.404439713551803 ], [ -83.052634429911294, 42.404427239818801 ], [ -83.050195862232798, 42.404428697382798 ], [ -83.049930283589703, 42.404428851658899 ], [ -83.047257609312993, 42.404459613694698 ], [ -83.044990493251802, 42.4044484299949 ], [ -83.043922796150994, 42.404443148715004 ], [ -83.042534503091801, 42.404443510185096 ], [ -83.042527279156701, 42.403678414332397 ], [ -83.042511960018004, 42.402055805466297 ], [ -83.042506264865096, 42.4014526025042 ], [ -83.042502958750106, 42.401102398467998 ], [ -83.042497299349193, 42.400503014528802 ], [ -83.042494306866104, 42.400186007635 ], [ -83.042485687201705, 42.3992732052712 ], [ -83.042480899327501, 42.398766090743898 ], [ -83.042476469422098, 42.398296951439299 ], [ -83.042470260933896, 42.397639317324597 ], [ -83.042469132235496, 42.397519857089499 ], [ -83.042468504620601, 42.397453319608402 ], [ -83.042468260381995, 42.397427391345602 ], [ -83.042448364165196, 42.396664303145201 ], [ -83.042428942442399, 42.395927877899503 ], [ -83.042423067581296, 42.395539562937998 ], [ -83.042417809299096, 42.395191974263497 ], [ -83.042410327133197, 42.395098065521402 ], [ -83.042409159126194, 42.394815325020097 ], [ -83.042408453462997, 42.394631004388302 ], [ -83.042394418969494, 42.394239164618902 ], [ -83.042381576443105, 42.393922702804602 ], [ -83.042372488723103, 42.393858667944897 ], [ -83.042375390561105, 42.3931265817547 ], [ -83.042349034025705, 42.392594136583902 ], [ -83.042336858763505, 42.392041176211499 ], [ -83.042321626794006, 42.3912825425191 ], [ -83.042304089114495, 42.390570758910897 ], [ -83.042302537542, 42.390214197622399 ], [ -83.043203981256497, 42.390197862355201 ], [ -83.0443564014641, 42.390181514305802 ], [ -83.043852558410904, 42.389474359493299 ], [ -83.043393311642106, 42.388829777995603 ], [ -83.042715018570206, 42.387877727197797 ], [ -83.042613725479896, 42.387735549705504 ], [ -83.042519384641196, 42.387603132556997 ], [ -83.042257763771502, 42.387235906672203 ], [ -83.041867259463999, 42.386687767833301 ], [ -83.041234991003705, 42.3858002499801 ], [ -83.040490131515796, 42.384754652602801 ], [ -83.040676562329693, 42.384687205661997 ], [ -83.042609613700606, 42.383987833519697 ], [ -83.045195039686106, 42.383052359129799 ], [ -83.048030814378606, 42.382026203610003 ], [ -83.051937790908696, 42.380612253017702 ], [ -83.054360361765205, 42.379735414328501 ], [ -83.054747768609602, 42.379595185983703 ], [ -83.054911702117295, 42.379880004344102 ], [ -83.0550085448955, 42.380066497579001 ], [ -83.055642691901198, 42.381083373274599 ], [ -83.055742422586704, 42.381237914987103 ], [ -83.055813376121804, 42.381362064381797 ], [ -83.055814221562201, 42.381398024612601 ], [ -83.055832010650803, 42.381453337457799 ], [ -83.055941784069702, 42.3816131848479 ], [ -83.056152201926693, 42.381901592907802 ], [ -83.056446466504894, 42.382317589277903 ], [ -83.057739722743804, 42.384247856440403 ], [ -83.057930970651498, 42.384522003616198 ], [ -83.057991256769398, 42.384617521797502 ], [ -83.059268286248098, 42.386485069177901 ], [ -83.059743684126403, 42.387179130857099 ], [ -83.059914391564305, 42.387430997985597 ], [ -83.060580098193299, 42.388413211287002 ], [ -83.060981891439596, 42.389004654525301 ], [ -83.0616899794733, 42.390046963885801 ], [ -83.061937230264604, 42.390409695211801 ], [ -83.062487651335204, 42.391242815786697 ], [ -83.064052284086699, 42.390652916405202 ], [ -83.064240677603806, 42.390588904642499 ], [ -83.066391872774801, 42.389784618280501 ], [ -83.066446997231594, 42.389765945666802 ], [ -83.0666319667301, 42.389706228935403 ], [ -83.066750637802897, 42.389871862263597 ], [ -83.067544626174097, 42.3908976222394 ], [ -83.068850266676094, 42.392584300530999 ], [ -83.068989463198307, 42.392764114060498 ], [ -83.069163626724205, 42.392989098507798 ], [ -83.069300869626503, 42.393166387095597 ], [ -83.069445323424105, 42.393352986095003 ], [ -83.071262704114204, 42.395571976621099 ], [ -83.072750911237605, 42.397388912273797 ], [ -83.072801729547194, 42.397450951713203 ], [ -83.073140932119699, 42.397865062603501 ], [ -83.073713527780299, 42.398564094576699 ], [ -83.073841693357707, 42.398720558493601 ], [ -83.076401018573904, 42.401844775782699 ], [ -83.076295292780998, 42.401882259625403 ], [ -83.076177169219605, 42.401924140542697 ], [ -83.075168223390193, 42.402281847883302 ], [ -83.074575901133002, 42.402497724291798 ], [ -83.074015514782005, 42.4027052470027 ], [ -83.073457042209895, 42.402908410125299 ], [ -83.073115211179598, 42.403012100635003 ], [ -83.0727437048361, 42.403177079194798 ], [ -83.072476868610494, 42.403295573777299 ], [ -83.072137722117901, 42.403446178595402 ], [ -83.071651341547096, 42.403623939336804 ], [ -83.071172921867799, 42.403799479287301 ], [ -83.070670349387399, 42.403984900929501 ], [ -83.070193968434594, 42.404160985012801 ], [ -83.069708410604704, 42.404339652753301 ], [ -83.069218730601193, 42.404518473056697 ], [ -83.068785216075398, 42.404677572219597 ], [ -83.067627000878005, 42.405104718099402 ], [ -83.066756587434398, 42.40542496834 ], [ -83.065864333096599, 42.405753450907902 ], [ -83.064860145731103, 42.406121828318803 ], [ -83.064760616070799, 42.406158338927597 ], [ -83.064284074649393, 42.406333856517001 ], [ -83.063773621697706, 42.406522651317502 ], [ -83.063325498631102, 42.406687596905698 ], [ -83.062927210770297, 42.406833562254803 ], [ -83.062448280073895, 42.407007795077398 ], [ -83.062085629992495, 42.407140490443801 ], [ -83.061573226993602, 42.407328641736598 ], [ -83.061221403455605, 42.4074618630478 ], [ -83.060695950897895, 42.4076507149639 ], [ -83.060333638895699, 42.4077843100115 ], [ -83.059797823386205, 42.407981727561797 ], [ -83.058914176600496, 42.408303627507301 ], [ -83.058467390176503, 42.408467556651402 ], [ -83.057988539733898, 42.408643761769099 ], [ -83.057538666461497, 42.408809284187598 ], [ -83.057071416746197, 42.4089811963972 ], [ -83.056917657639801, 42.408752522823001 ] ] ] } },
{ "type": "Feature", "properties": { "FID": 4, "Battalion": "HPFD", "Shape__Area": 14038663.1171875, "Shape__Length": 15459.8570037559, "Label_Name": "HPFD" }, "geometry": { "type": "Polygon", "coordinates": [ [ [ -83.089516710053203, 42.418041417649498 ], [ -83.0870347946924, 42.414948508879 ], [ -83.085720060730395, 42.4133099727539 ], [ -83.082548761604002, 42.409346695673896 ], [ -83.082393144634096, 42.409163238534703 ], [ -83.081878353848296, 42.4085215371624 ], [ -83.081835749989096, 42.408465360175498 ], [ -83.081716479277503, 42.408308087979698 ], [ -83.081587230871307, 42.408158638007798 ], [ -83.081511236629495, 42.4080639053021 ], [ -83.081259437119897, 42.407750021300203 ], [ -83.081152844347102, 42.407617141508403 ], [ -83.081009024974406, 42.407437858668402 ], [ -83.076401018573904, 42.401844775782699 ], [ -83.073841693357707, 42.398720558493601 ], [ -83.074544037920305, 42.398453535467503 ], [ -83.075201026924205, 42.398203750186198 ], [ -83.076168293422896, 42.3978372482105 ], [ -83.077292655224198, 42.397409343131301 ], [ -83.078240044944707, 42.397048776692401 ], [ -83.079133402466695, 42.396708762005602 ], [ -83.079728387541905, 42.396482304059198 ], [ -83.0799703512305, 42.396390292656797 ], [ -83.0826908949591, 42.395355714725298 ], [ -83.085657105343103, 42.394227600903399 ], [ -83.088665229587093, 42.393102092924899 ], [ -83.091772924554107, 42.3919846401458 ], [ -83.094678480125395, 42.3909397601088 ], [ -83.097727352449297, 42.389843224423302 ], [ -83.100588216862704, 42.3888141975915 ], [ -83.102085273105004, 42.388275678127201 ], [ -83.102133021197204, 42.388258137032601 ], [ -83.102371857210599, 42.388607567087 ], [ -83.103005689754994, 42.389455173838797 ], [ -83.1032589083472, 42.389803865149503 ], [ -83.103540729282003, 42.390205686771701 ], [ -83.103824562866905, 42.390609248887699 ], [ -83.104107052723194, 42.391007303790403 ], [ -83.104389720545996, 42.391414813190998 ], [ -83.104574168553398, 42.391682029044098 ], [ -83.104679148855595, 42.391812492599598 ], [ -83.104766240516597, 42.3919206975714 ], [ -83.104967201932993, 42.392212406939599 ], [ -83.1052452197994, 42.392616081652399 ], [ -83.105522966863902, 42.393021372447002 ], [ -83.1057732923814, 42.393362736066898 ], [ -83.106734721166504, 42.395050501171902 ], [ -83.107134772880897, 42.395740352396899 ], [ -83.107962749509198, 42.3969685749002 ], [ -83.108551660718604, 42.397848753069503 ], [ -83.108562974330795, 42.397875671470601 ], [ -83.108706594920093, 42.398085449064403 ], [ -83.108886654238802, 42.398348447206999 ], [ -83.108912571822302, 42.398386303227099 ], [ -83.109045781891993, 42.398580869945299 ], [ -83.109048330823498, 42.3985845933924 ], [ -83.109153103127497, 42.398737625879797 ], [ -83.109250781390401, 42.3988802927081 ], [ -83.109366286456506, 42.399048994538099 ], [ -83.109507957916506, 42.399258645030599 ], [ -83.109737664560896, 42.399597302241197 ], [ -83.109836342962396, 42.399740386579097 ], [ -83.109972608638103, 42.399940169527603 ], [ -83.110210226082501, 42.400291333301503 ], [ -83.110450092011604, 42.400644509485701 ], [ -83.110671551978399, 42.4009706498193 ], [ -83.110891299962802, 42.401297581121803 ], [ -83.111118243069996, 42.401635217069099 ], [ -83.111572509303699, 42.402287613563402 ], [ -83.112089657911298, 42.403031485011901 ], [ -83.112156662809497, 42.403120847343601 ], [ -83.113192133626001, 42.404492836624797 ], [ -83.113255000456803, 42.404589433202901 ], [ -83.113286970846801, 42.404637343029798 ], [ -83.113302879864406, 42.404651815938799 ], [ -83.114011217038794, 42.405795300128901 ], [ -83.115710802885005, 42.408220760540601 ], [ -83.116486477067099, 42.409394110973999 ], [ -83.117145943227101, 42.410391509269701 ], [ -83.117495779872499, 42.410925822884302 ], [ -83.117661599038897, 42.411171378259198 ], [ -83.118160843879807, 42.411926406205602 ], [ -83.118684782692796, 42.4127189667756 ], [ -83.119224768362201, 42.413510836579199 ], [ -83.119765404889094, 42.414303837181301 ], [ -83.120310531610599, 42.415103406749203 ], [ -83.120855515329694, 42.415902741458602 ], [ -83.121390165216098, 42.416686893834402 ], [ -83.121931939567006, 42.417481647176501 ], [ -83.120800337980796, 42.4175079595271 ], [ -83.118932636974407, 42.417537793501197 ], [ -83.116853187241901, 42.417570850183701 ], [ -83.116439979092405, 42.417579448965398 ], [ -83.115719447939895, 42.417594390878698 ], [ -83.1155893642796, 42.417597087784699 ], [ -83.113659812106903, 42.4176268833926 ], [ -83.112653900119497, 42.4176446873348 ], [ -83.112338938493707, 42.417650213705599 ], [ -83.110793909746505, 42.417677353985901 ], [ -83.110275700209897, 42.417686300369297 ], [ -83.109608945673202, 42.417697922909802 ], [ -83.109254843579095, 42.417703999022997 ], [ -83.107952764132605, 42.417723611074301 ], [ -83.105538253274503, 42.417747040773698 ], [ -83.105293807268296, 42.417749243407997 ], [ -83.104989730398003, 42.417756834024303 ], [ -83.104547401687, 42.417763087147001 ], [ -83.102989101059293, 42.417803117927399 ], [ -83.101812175121594, 42.417828468900503 ], [ -83.101799351886896, 42.417828800654902 ], [ -83.101078795702094, 42.417847504119003 ], [ -83.0996956091968, 42.417892762685199 ], [ -83.098415961107904, 42.417937908659198 ], [ -83.097642089510401, 42.417964564299901 ], [ -83.097397756964298, 42.417973898580797 ], [ -83.096402313212295, 42.418008152080702 ], [ -83.095411996350904, 42.4180229633292 ], [ -83.094828566043702, 42.418022796192197 ], [ -83.094278067118694, 42.418029544346801 ], [ -83.093427193652602, 42.418039972488401 ], [ -83.093017862658797, 42.418044987447701 ], [ -83.092439644059795, 42.418052066952299 ], [ -83.091465910574001, 42.418063983759602 ], [ -83.089553510312896, 42.4180893984555 ], [ -83.089516710053203, 42.418041417649498 ] ] ] } },
{ "type": "Feature", "properties": { "FID": 5, "Battalion": "08", "Shape__Area": 108567863.683594, "Shape__Length": 57147.065790022702, "Label_Name": "8th" }, "geometry": { "type": "Polygon", "coordinates": [ [ [ -83.0247556605146, 42.4483170090705 ], [ -83.024749131688594, 42.448167035631201 ], [ -83.024683697441901, 42.446116319743702 ], [ -83.024682752522196, 42.446106617492802 ], [ -83.0246064310154, 42.443894141369498 ], [ -83.0245981584698, 42.443640016857202 ], [ -83.024505593797102, 42.441349691035398 ], [ -83.024496945984595, 42.441141273991498 ], [ -83.024478544899594, 42.440665394251901 ], [ -83.024466850183899, 42.440299781197197 ], [ -83.024442468586301, 42.439534868963101 ], [ -83.024423659396504, 42.438862485468398 ], [ -83.024420862299607, 42.438784550877898 ], [ -83.024392033198396, 42.437981162006999 ], [ -83.024365996869406, 42.437191558921398 ], [ -83.024325578568295, 42.436014070810401 ], [ -83.024312840247802, 42.435611978768002 ], [ -83.024288545992107, 42.434820594425702 ], [ -83.024274352282006, 42.434361850347202 ], [ -83.024261466248504, 42.433977944779798 ], [ -83.024232689232207, 42.433219822538298 ], [ -83.024226479641598, 42.433056505952997 ], [ -83.024205402071701, 42.432499805156603 ], [ -83.024192980568301, 42.432173351122799 ], [ -83.024178047454299, 42.431766011587399 ], [ -83.0241547594118, 42.431148237801899 ], [ -83.0241503380784, 42.431037435264301 ], [ -83.0241250908973, 42.430331204632601 ], [ -83.024096625860494, 42.429578449634597 ], [ -83.024092994314302, 42.4294824042165 ], [ -83.024068361265805, 42.428843459338303 ], [ -83.024066330123304, 42.428792485692902 ], [ -83.024062871918503, 42.428705668809798 ], [ -83.024061627863503, 42.4286581062089 ], [ -83.024037144795301, 42.428023967651697 ], [ -83.024028240336506, 42.427799571432601 ], [ -83.024003957668597, 42.427160446041 ], [ -83.023988392294399, 42.426743013422097 ], [ -83.023959865137101, 42.425945366716299 ], [ -83.023931343547702, 42.425175721864001 ], [ -83.0239057073168, 42.424485134588899 ], [ -83.023902824330506, 42.424407467234801 ], [ -83.023892689679002, 42.424134469442102 ], [ -83.023890084493402, 42.424064278765997 ], [ -83.0238732655897, 42.423611209261097 ], [ -83.023717556286499, 42.4195143189257 ], [ -83.0236866515136, 42.418742754739299 ], [ -83.023679391966695, 42.4185719521953 ], [ -83.023658025381195, 42.417966986425398 ], [ -83.023647838869806, 42.417723305245303 ], [ -83.023628676868896, 42.417190938513002 ], [ -83.023612145106597, 42.416762239094801 ], [ -83.023596108058896, 42.416350023908599 ], [ -83.023581453538398, 42.415969608613203 ], [ -83.023562491985004, 42.415501352457603 ], [ -83.023557748965501, 42.415371728346898 ], [ -83.023545344573904, 42.415039151379801 ], [ -83.023533295294698, 42.414713960162302 ], [ -83.023517907762496, 42.414309947231601 ], [ -83.023486715271204, 42.413506775916602 ], [ -83.023455155825403, 42.412692524284502 ], [ -83.023423418191797, 42.4118753000539 ], [ -83.023394567848797, 42.411110242746702 ], [ -83.023367721301597, 42.410381945817598 ], [ -83.023363815041606, 42.410282398045503 ], [ -83.023332022531605, 42.409472292589598 ], [ -83.023299850709506, 42.4086189566342 ], [ -83.0232838992479, 42.408202959637102 ], [ -83.023266374640798, 42.407747235951298 ], [ -83.023253744597596, 42.407408353297498 ], [ -83.023235848928707, 42.406913458272498 ], [ -83.023224942340207, 42.406613043487802 ], [ -83.023199144397495, 42.405920865210398 ], [ -83.023195265378902, 42.405818892930398 ], [ -83.023163341460204, 42.4050049976846 ], [ -83.023757275010894, 42.4049950038563 ], [ -83.026218303027093, 42.404954922647697 ], [ -83.029963591100497, 42.404883000052799 ], [ -83.031292339853096, 42.404875470519698 ], [ -83.0321128705951, 42.4048626221254 ], [ -83.033065826030295, 42.404847612874903 ], [ -83.034624750927605, 42.4048155036769 ], [ -83.035171978591706, 42.404804932229602 ], [ -83.035477364687594, 42.4047965233732 ], [ -83.037368479033404, 42.404758938012797 ], [ -83.037651538788495, 42.404748473839597 ], [ -83.037742789880795, 42.404725230409603 ], [ -83.037816826903807, 42.404694492233602 ], [ -83.037904995668598, 42.4046390689711 ], [ -83.037947483913399, 42.404600758406801 ], [ -83.037982884365206, 42.404558673252403 ], [ -83.038002229998199, 42.404528825923798 ], [ -83.038077953803196, 42.404327571042401 ], [ -83.042538554562299, 42.404451654769403 ], [ -83.043926849017296, 42.404451293263897 ], [ -83.044994545024196, 42.404456575391798 ], [ -83.047261662615696, 42.404467758124603 ], [ -83.049934337220293, 42.4044369968937 ], [ -83.050199915917005, 42.404436841707899 ], [ -83.052638485128398, 42.404435384070901 ], [ -83.054026934174999, 42.404447857754299 ], [ -83.054224002274793, 42.404741648049097 ], [ -83.0546668076678, 42.405402076854301 ], [ -83.055106679727103, 42.406058057061998 ], [ -83.055578501525602, 42.406761789783097 ], [ -83.055646794442197, 42.406863648360499 ], [ -83.056035957021507, 42.407442616748099 ], [ -83.056477733992907, 42.408101765566997 ], [ -83.056921713678193, 42.408760667821298 ], [ -83.057075472819506, 42.408989341389997 ], [ -83.0575427225846, 42.408817429163697 ], [ -83.057992597119593, 42.408651906743202 ], [ -83.058471446398698, 42.408475701594398 ], [ -83.058918234084999, 42.4083117724484 ], [ -83.059801880965196, 42.407989872471397 ], [ -83.060337696531803, 42.407792454902101 ], [ -83.060700008572496, 42.407658859841597 ], [ -83.061225461186496, 42.407470007906703 ], [ -83.061577284780597, 42.407336785682801 ], [ -83.062089687815302, 42.407148635271902 ], [ -83.062452337954397, 42.407015938992402 ], [ -83.062931268683101, 42.406841707052997 ], [ -83.063329556605296, 42.406695740789502 ], [ -83.063777679700706, 42.406530796085498 ], [ -83.064288132706807, 42.4063420012668 ], [ -83.064764675412505, 42.406166482774204 ], [ -83.064864203849893, 42.406129973048102 ], [ -83.065868391322596, 42.405761595601497 ], [ -83.066760645774195, 42.405433112101498 ], [ -83.067631060525201, 42.405112861843797 ], [ -83.068789275846001, 42.404685715922703 ], [ -83.069222790418095, 42.404526616744398 ], [ -83.069712470473803, 42.404347796423501 ], [ -83.070198028355506, 42.4041691286657 ], [ -83.070674409359, 42.403993044565397 ], [ -83.071176981892904, 42.403807622905298 ], [ -83.071655401623303, 42.403632082937698 ], [ -83.072141783460495, 42.4034543221929 ], [ -83.072480928773004, 42.403303717348798 ], [ -83.072747765025696, 42.403185222756697 ], [ -83.073119271425597, 42.4030202432835 ], [ -83.073461103708397, 42.402916552775501 ], [ -83.074019576321504, 42.402713390533101 ], [ -83.074579962732102, 42.402505867802297 ], [ -83.075172285071304, 42.402289990472497 ], [ -83.076181231008903, 42.401932283095903 ], [ -83.076299354583099, 42.401890402174402 ], [ -83.076405080387303, 42.401852918327798 ], [ -83.081013087734704, 42.407446001947598 ], [ -83.081156907137796, 42.407625284782497 ], [ -83.081263501129399, 42.407758165484402 ], [ -83.081515300692303, 42.408072049477198 ], [ -83.081591294968703, 42.408166781280002 ], [ -83.081720543383, 42.408316232147399 ], [ -83.0818398141204, 42.4084735043389 ], [ -83.081882417988794, 42.408529681324303 ], [ -83.082397208883606, 42.409171382677897 ], [ -83.082552825885699, 42.409354839811499 ], [ -83.085724126880706, 42.413318117690999 ], [ -83.087038861121101, 42.414956653768598 ], [ -83.089520776989204, 42.418049563349598 ], [ -83.089557577275201, 42.418097543254099 ], [ -83.091469977765897, 42.418072129389898 ], [ -83.092443712592996, 42.418060212561301 ], [ -83.093021930070506, 42.418053132122303 ], [ -83.093431262313999, 42.418048118062103 ], [ -83.094282135890495, 42.418037689890099 ], [ -83.094832634905302, 42.418030940815498 ], [ -83.095416065288703, 42.418031107931597 ], [ -83.09640638226, 42.418016297547901 ], [ -83.097401826139802, 42.417982044012298 ], [ -83.097646158717197, 42.417972709722598 ], [ -83.098420030414005, 42.417946054054298 ], [ -83.099699679900198, 42.417900907147803 ], [ -83.101082866583198, 42.417855648532097 ], [ -83.101803422842593, 42.417836945942398 ], [ -83.101816246097101, 42.417836613287299 ], [ -83.102993172168595, 42.417811263172297 ], [ -83.104551473015405, 42.4177712314359 ], [ -83.104993801765502, 42.4177649791975 ], [ -83.105297879908207, 42.417757387683601 ], [ -83.105542324731204, 42.417755185027097 ], [ -83.107956837117896, 42.4177317552546 ], [ -83.109258916733097, 42.417712143156699 ], [ -83.109613018873105, 42.4177060670307 ], [ -83.110279774710904, 42.4176944444798 ], [ -83.110797983099602, 42.417685498064301 ], [ -83.112343013261693, 42.417658357742098 ], [ -83.112657974928197, 42.417652831360002 ], [ -83.113663887045902, 42.417635027381699 ], [ -83.115593439468498, 42.417605231704599 ], [ -83.115723523145604, 42.417602534794 ], [ -83.116444054391195, 42.417587592854801 ], [ -83.116857262594095, 42.417578994058303 ], [ -83.118936712595897, 42.417545937301298 ], [ -83.120804413844098, 42.417516103260198 ], [ -83.121936016791196, 42.4174897908823 ], [ -83.121394242317706, 42.416695037559798 ], [ -83.120859592328202, 42.415910884303301 ], [ -83.1203146084857, 42.415111549613698 ], [ -83.119769480407996, 42.414311980952398 ], [ -83.119228843758705, 42.413518980369801 ], [ -83.118688857985006, 42.412727109685598 ], [ -83.118164919051907, 42.411934549134699 ], [ -83.117665674096699, 42.4111795212063 ], [ -83.1174998548925, 42.410933965837501 ], [ -83.117150018166498, 42.410399652235398 ], [ -83.116490551873298, 42.409402253063597 ], [ -83.115714877513398, 42.408228902658202 ], [ -83.114015290072402, 42.405803442294697 ], [ -83.1133069527489, 42.404659957230102 ], [ -83.113291043710205, 42.404645485221899 ], [ -83.113259073313003, 42.404597575396203 ], [ -83.113196206467705, 42.404500978820302 ], [ -83.1121607354265, 42.403128989576601 ], [ -83.112093730531797, 42.403039626347002 ], [ -83.111576581808194, 42.402295754917297 ], [ -83.111122315472599, 42.401643358439401 ], [ -83.110895372313806, 42.401305722500403 ], [ -83.110675624279395, 42.400978791205802 ], [ -83.110454164262407, 42.400652650880197 ], [ -83.110214298297095, 42.400299473804402 ], [ -83.109976680780704, 42.399948310939401 ], [ -83.109840415074103, 42.399748527995797 ], [ -83.109741736650406, 42.3996054436615 ], [ -83.109512028739402, 42.3992667864457 ], [ -83.109370358480007, 42.399057135071601 ], [ -83.109254853387796, 42.398888433245801 ], [ -83.109157175102794, 42.398745766421101 ], [ -83.109052402775205, 42.398592733937498 ], [ -83.109049853824999, 42.398589011390698 ], [ -83.108916643725195, 42.398394444677201 ], [ -83.108890724921295, 42.398356588644603 ], [ -83.108710665561901, 42.398093590508601 ], [ -83.108567044958406, 42.397883812019799 ], [ -83.108555731343003, 42.397856893619 ], [ -83.107966821213793, 42.396976715484499 ], [ -83.107138843182796, 42.395748492997697 ], [ -83.106738791389503, 42.395058640887001 ], [ -83.105777362368897, 42.3933708758168 ], [ -83.105527036796502, 42.393029512205899 ], [ -83.105249289669402, 42.3926242214214 ], [ -83.104971271740297, 42.392220546718697 ], [ -83.104770310278795, 42.391928837357803 ], [ -83.104683218599305, 42.391820632388999 ], [ -83.104578238274897, 42.3916901688374 ], [ -83.104393790225998, 42.391422952990901 ], [ -83.104111122339802, 42.391015443600601 ], [ -83.103828632420701, 42.390617388708101 ], [ -83.103544798772504, 42.390213826602299 ], [ -83.103262977774705, 42.389812004990297 ], [ -83.103982279952405, 42.389525028361099 ], [ -83.104162530310603, 42.389459491735501 ], [ -83.104812505432804, 42.389223168983698 ], [ -83.105319971271797, 42.389043057215801 ], [ -83.105820189271299, 42.388866176204402 ], [ -83.107142258645794, 42.388387458978897 ], [ -83.107607686383204, 42.388218923598401 ], [ -83.107548665895905, 42.388140204871597 ], [ -83.107321082867401, 42.387807506897602 ], [ -83.107804489130103, 42.387627585629502 ], [ -83.109608342888905, 42.386954065830103 ], [ -83.1127780188028, 42.385769078775503 ], [ -83.112852434789602, 42.385734604912997 ], [ -83.112936905466597, 42.385695379872601 ], [ -83.1131791553357, 42.385619360427903 ], [ -83.115741639217006, 42.3846631126113 ], [ -83.1162136518913, 42.384488250154902 ], [ -83.116680207087398, 42.3843156496118 ], [ -83.118982299561097, 42.383460655105303 ], [ -83.121685593987195, 42.382459558985602 ], [ -83.124518393588204, 42.3814086782969 ], [ -83.125112503156103, 42.381189624335398 ], [ -83.124990402199501, 42.381008930801698 ], [ -83.125574773216698, 42.380783117680998 ], [ -83.127610435536994, 42.380007235507897 ], [ -83.129232997383198, 42.379396908617302 ], [ -83.1293943304061, 42.379332757896002 ], [ -83.131117363885195, 42.378675688332201 ], [ -83.131560177595503, 42.378510582827197 ], [ -83.132069690610905, 42.378320219126799 ], [ -83.132578051419003, 42.378129191467302 ], [ -83.1330682841471, 42.3779449867803 ], [ -83.133156081575194, 42.377861036280102 ], [ -83.133243021588001, 42.377782853319403 ], [ -83.133682317755998, 42.377618151651603 ], [ -83.133752779391799, 42.377597050733797 ], [ -83.134231004809095, 42.377419991301402 ], [ -83.1351227641197, 42.377085718990401 ], [ -83.136013787186201, 42.3767513417583 ], [ -83.137108575683499, 42.376336598433802 ], [ -83.137480886445999, 42.376194588683703 ], [ -83.137563912427396, 42.3761664030067 ], [ -83.1376565239201, 42.376157674949297 ], [ -83.138077274645994, 42.376157553602702 ], [ -83.138518884833402, 42.376150869173102 ], [ -83.138991715652196, 42.376148283337997 ], [ -83.139221113449395, 42.376149635253299 ], [ -83.139358225714801, 42.379303711698199 ], [ -83.139425298896498, 42.3811806752744 ], [ -83.139559601099194, 42.384095711608303 ], [ -83.139635689404201, 42.386288019882997 ], [ -83.139544943693807, 42.386500946230598 ], [ -83.1406081474437, 42.3864683539814 ], [ -83.141694068210896, 42.386422644937902 ], [ -83.142237312413997, 42.386402128354597 ], [ -83.142381241919296, 42.386397520540299 ], [ -83.142785081847506, 42.386373736306801 ], [ -83.143327522448004, 42.386340759754098 ], [ -83.143781194619507, 42.386314758096503 ], [ -83.143916888545505, 42.386310734947898 ], [ -83.144212614102599, 42.386289271418697 ], [ -83.144800485261399, 42.386275315924202 ], [ -83.1452853593904, 42.386264829968503 ], [ -83.145401107534298, 42.386262301267898 ], [ -83.145898539333601, 42.386250789841299 ], [ -83.146109151239699, 42.386175801088001 ], [ -83.1462744190151, 42.3860837052612 ], [ -83.146404786453999, 42.385962585566404 ], [ -83.146733678720906, 42.385673691305598 ], [ -83.147308519774995, 42.385129714077301 ], [ -83.147520861216407, 42.385004450939597 ], [ -83.147775270746706, 42.384889257828 ], [ -83.148033681446506, 42.384819210336403 ], [ -83.148340022074194, 42.384763885548203 ], [ -83.148725897542107, 42.384737451137099 ], [ -83.149178858889101, 42.384729908148998 ], [ -83.149510065691899, 42.384722770964999 ], [ -83.150814849094502, 42.384664773126303 ], [ -83.151726200418196, 42.384622395452297 ], [ -83.152076805224695, 42.384736173545498 ], [ -83.1524336495998, 42.384841373520302 ], [ -83.152741029070697, 42.384923444729701 ], [ -83.153155183679701, 42.385023312461897 ], [ -83.153468793749695, 42.385091041133201 ], [ -83.1538906141665, 42.385171539647601 ], [ -83.154209249482804, 42.385224554443198 ], [ -83.1545890953537, 42.385278576435603 ], [ -83.154637040317198, 42.3852853953885 ], [ -83.154960573065495, 42.385323873130297 ], [ -83.155265561172797, 42.385354229600502 ], [ -83.155571402723993, 42.385378110649498 ], [ -83.155878098289605, 42.385395607216601 ], [ -83.155958288192096, 42.385397857780902 ], [ -83.156042011718299, 42.385400206285098 ], [ -83.156607878778303, 42.385416082218804 ], [ -83.156851950191097, 42.3854188213515 ], [ -83.157962804316199, 42.385425011247499 ], [ -83.158072022358894, 42.385425725285302 ], [ -83.158983581605, 42.385431110249201 ], [ -83.158989106359101, 42.385622681620298 ], [ -83.158992929236106, 42.385757780537602 ], [ -83.158997404814301, 42.385909362602803 ], [ -83.159002228002194, 42.3860743650514 ], [ -83.159063521163105, 42.388260974343503 ], [ -83.159075246091504, 42.3885087058148 ], [ -83.159157328852601, 42.390305308542999 ], [ -83.159214118730404, 42.391657932654397 ], [ -83.159242144483301, 42.392251200191602 ], [ -83.159297704780599, 42.393696630300198 ], [ -83.159304220546105, 42.393873356628198 ], [ -83.159355452992202, 42.395228826949598 ], [ -83.159354917523402, 42.395248278645397 ], [ -83.159477631449306, 42.397978472915597 ], [ -83.159535461688094, 42.399397286015201 ], [ -83.159577897205807, 42.400249322152 ], [ -83.159615177692103, 42.4010602457696 ], [ -83.159646637441398, 42.401782689399603 ], [ -83.159655965903795, 42.401978712036801 ], [ -83.159679030992393, 42.402459410417599 ], [ -83.1596927771417, 42.402523411088801 ], [ -83.159705333595497, 42.402610165425003 ], [ -83.159713910288403, 42.402908436214297 ], [ -83.159732677872697, 42.403590048270999 ], [ -83.159762437669897, 42.404061355554198 ], [ -83.159779544208106, 42.404332644085102 ], [ -83.159799497062494, 42.4047017440679 ], [ -83.159813564752994, 42.405010815687703 ], [ -83.159820789998307, 42.405171161480403 ], [ -83.159828008333093, 42.405331866452698 ], [ -83.159840036687697, 42.405654680623101 ], [ -83.159851664511095, 42.405855062103697 ], [ -83.159857656412598, 42.406116867588402 ], [ -83.1598659361062, 42.406473958400703 ], [ -83.159925746245904, 42.407904088067603 ], [ -83.159991053899802, 42.4093281596708 ], [ -83.160007978702694, 42.409714694887903 ], [ -83.160025517265495, 42.410107702298198 ], [ -83.160117667332401, 42.412153743986003 ], [ -83.160189241673095, 42.413805811240103 ], [ -83.160220291212298, 42.414525009438201 ], [ -83.160309898886894, 42.416550747718901 ], [ -83.160328399559006, 42.4169398205728 ], [ -83.160347953340207, 42.417330624337097 ], [ -83.160427430528898, 42.418749835728697 ], [ -83.1605289986462, 42.4205672616336 ], [ -83.160630040380099, 42.422374506407898 ], [ -83.160714566681406, 42.423929919241402 ], [ -83.160723864031297, 42.4241844664121 ], [ -83.160789642376002, 42.425980711886403 ], [ -83.1608520099944, 42.4277775521454 ], [ -83.160915120951302, 42.429580072537497 ], [ -83.160972173107993, 42.430913832982803 ], [ -83.160988855339696, 42.431355152703802 ], [ -83.1610032812724, 42.431790911996799 ], [ -83.161041697650404, 42.433161165310104 ], [ -83.161058245409293, 42.433784852377997 ], [ -83.161110969511697, 42.434860403180203 ], [ -83.161115090437704, 42.4350529747785 ], [ -83.161146165061695, 42.436038012274999 ], [ -83.1611673505586, 42.436771870215701 ], [ -83.161219500317799, 42.4385198900153 ], [ -83.161231608912999, 42.438861894307102 ], [ -83.161318546386994, 42.440923436320503 ], [ -83.161416885623794, 42.443263317413503 ], [ -83.161509051924597, 42.445653686655596 ], [ -83.161515913432794, 42.445801934164699 ], [ -83.161515321156699, 42.445953654670198 ], [ -83.159297274351502, 42.446001408781797 ], [ -83.158714781142294, 42.4460157418888 ], [ -83.157816717940904, 42.446035637515003 ], [ -83.156629109666, 42.446061936072901 ], [ -83.156018496688006, 42.446075452719697 ], [ -83.155425043397599, 42.446088587097002 ], [ -83.154018602336706, 42.446121416811103 ], [ -83.152507195682702, 42.446152976561002 ], [ -83.151984460357099, 42.446162052867201 ], [ -83.1472247649818, 42.446272324015297 ], [ -83.145758933728601, 42.4463047836499 ], [ -83.144762299709399, 42.446326310481602 ], [ -83.144630562512702, 42.446329155845 ], [ -83.143602368671694, 42.446351353365401 ], [ -83.142093500107407, 42.446383912266199 ], [ -83.142042472722807, 42.446385130905902 ], [ -83.141270340403807, 42.446403570297797 ], [ -83.140312903845398, 42.446426263140999 ], [ -83.139365578480707, 42.446445455539298 ], [ -83.138879006074603, 42.4464553095642 ], [ -83.138090831377298, 42.446472443021001 ], [ -83.1374484990708, 42.4464753238627 ], [ -83.135436984616305, 42.446485151418401 ], [ -83.133316488435199, 42.446524465195303 ], [ -83.133231570333393, 42.446526081994001 ], [ -83.131761151048096, 42.446554064350302 ], [ -83.1291521872148, 42.446604768932197 ], [ -83.128393590128496, 42.446571777607403 ], [ -83.127890487556101, 42.446564611356997 ], [ -83.127227335051799, 42.446573088020699 ], [ -83.1253789085184, 42.446629669544798 ], [ -83.125117462418103, 42.446633918363197 ], [ -83.124948003312397, 42.446639411862499 ], [ -83.124751577738607, 42.446649796749497 ], [ -83.122655638725007, 42.4467106328417 ], [ -83.120881017528404, 42.446822819832597 ], [ -83.120743759892406, 42.446830629139399 ], [ -83.117568739075693, 42.446925070046397 ], [ -83.116224112580795, 42.4469618079385 ], [ -83.114832839545898, 42.4468599472143 ], [ -83.1139743189851, 42.446860139779801 ], [ -83.112891767230096, 42.446904219050502 ], [ -83.112795897749905, 42.446906733456103 ], [ -83.112362653128898, 42.446910933313902 ], [ -83.111480378194798, 42.446937096822801 ], [ -83.110652261944594, 42.446984358405203 ], [ -83.109629610597906, 42.4470909310011 ], [ -83.109154226981005, 42.447125541578899 ], [ -83.108589013363101, 42.447152502996303 ], [ -83.106339998776903, 42.447213423369298 ], [ -83.105304275918698, 42.447241811031397 ], [ -83.104089647315703, 42.447270998006204 ], [ -83.102895398110505, 42.447300010517999 ], [ -83.102370006762101, 42.447278694900398 ], [ -83.101584681407601, 42.447261036476398 ], [ -83.099797998452402, 42.447218833524303 ], [ -83.099384679178002, 42.447198711649101 ], [ -83.098541246331905, 42.447141222524301 ], [ -83.097450784240706, 42.447102412106197 ], [ -83.097329499603006, 42.447096321744802 ], [ -83.095336821694403, 42.447109421235602 ], [ -83.094944036936695, 42.447109870818998 ], [ -83.094708157899802, 42.4471083184267 ], [ -83.094533805960097, 42.4471100886865 ], [ -83.094367529507394, 42.447111776189601 ], [ -83.093134710974098, 42.447152734880099 ], [ -83.090261246936393, 42.447239087025402 ], [ -83.089163316233197, 42.4472424454015 ], [ -83.088576532374404, 42.447234212414401 ], [ -83.086322812224395, 42.4472711162 ], [ -83.085781011215602, 42.447280636067802 ], [ -83.083412533246104, 42.447322219890502 ], [ -83.080994135713297, 42.447375473049703 ], [ -83.080171616702103, 42.447391423315601 ], [ -83.076918330625602, 42.447419827478697 ], [ -83.073618288579397, 42.447467816205901 ], [ -83.073043569121793, 42.447473428106498 ], [ -83.072504399626993, 42.4474786909106 ], [ -83.071439548389293, 42.447485623172298 ], [ -83.070369660651906, 42.447498653970896 ], [ -83.069288263996697, 42.4475108581466 ], [ -83.068205719913706, 42.4475181740669 ], [ -83.067133746270997, 42.447525498780301 ], [ -83.066069209655495, 42.4475397865506 ], [ -83.065724853669096, 42.447542390161097 ], [ -83.064999633468702, 42.4475507318894 ], [ -83.063896381882898, 42.447560710375399 ], [ -83.062798634708798, 42.447590862577599 ], [ -83.062076513526904, 42.447607389662998 ], [ -83.061702872325696, 42.447618017833499 ], [ -83.059874695965505, 42.447661460146897 ], [ -83.0586644064918, 42.447692416174803 ], [ -83.057466128120893, 42.447721136810898 ], [ -83.056235895864702, 42.4477506460901 ], [ -83.054653458190998, 42.447790447894803 ], [ -83.054082546999794, 42.447804209719997 ], [ -83.053485458770197, 42.447818599998101 ], [ -83.052274835744399, 42.447847771651404 ], [ -83.051072591164498, 42.447877197570001 ], [ -83.049841228258003, 42.447907556550902 ], [ -83.0487053359968, 42.447935181545802 ], [ -83.047625957517894, 42.447962829712502 ], [ -83.047198860895605, 42.4479719300803 ], [ -83.0465653970804, 42.447988403654101 ], [ -83.046150694586402, 42.447999242240002 ], [ -83.045498592519195, 42.448016445085699 ], [ -83.044310477745697, 42.448048992751502 ], [ -83.043972033154603, 42.448058277584003 ], [ -83.042204024730395, 42.448119820072201 ], [ -83.042112997340197, 42.448122987735601 ], [ -83.040137706159996, 42.448168948409702 ], [ -83.037058770538806, 42.448234203862199 ], [ -83.0370575931247, 42.448234228807799 ], [ -83.036595678056003, 42.448236780959498 ], [ -83.034718639632302, 42.4482473441971 ], [ -83.034525739688206, 42.448251581098297 ], [ -83.034124247491704, 42.448250499434501 ], [ -83.032677511632798, 42.448278503424902 ], [ -83.032113476325804, 42.448288966342197 ], [ -83.029569717029304, 42.448340094917299 ], [ -83.029461462919997, 42.448342138617001 ], [ -83.027552285272904, 42.448391597445202 ], [ -83.026734703750705, 42.4484133693432 ], [ -83.025972147849501, 42.448433016512197 ], [ -83.024762272966299, 42.448462533677599 ], [ -83.024758882772403, 42.448462616112302 ], [ -83.0247556605146, 42.4483170090705 ] ] ] } },
{ "type": "Feature", "properties": { "FID": 6, "Battalion": "04", "Shape__Area": 110510687.390625, "Shape__Length": 47235.532066769898, "Label_Name": "4th" }, "geometry": { "type": "Polygon", "coordinates": [ [ [ -83.161515913432794, 42.445801934164699 ], [ -83.161509051924597, 42.445653686655596 ], [ -83.161416885623794, 42.443263317413503 ], [ -83.161318546386994, 42.440923436320503 ], [ -83.161231608912999, 42.438861894307102 ], [ -83.161219500317799, 42.4385198900153 ], [ -83.1611673505586, 42.436771870215701 ], [ -83.161146165061695, 42.436038012274999 ], [ -83.161115090437704, 42.4350529747785 ], [ -83.161110969511697, 42.434860403180203 ], [ -83.161058245409293, 42.433784852377997 ], [ -83.161041697650404, 42.433161165310104 ], [ -83.1610032812724, 42.431790911996799 ], [ -83.160988855339696, 42.431355152703802 ], [ -83.160972173107993, 42.430913832982803 ], [ -83.160915120951302, 42.429580072537497 ], [ -83.1608520099944, 42.4277775521454 ], [ -83.160789642376002, 42.425980711886403 ], [ -83.160723864031297, 42.4241844664121 ], [ -83.160714566681406, 42.423929919241402 ], [ -83.160630040380099, 42.422374506407898 ], [ -83.1605289986462, 42.4205672616336 ], [ -83.160427430528898, 42.418749835728697 ], [ -83.160347953340207, 42.417330624337097 ], [ -83.160328399559006, 42.4169398205728 ], [ -83.160309898886894, 42.416550747718901 ], [ -83.160220291212298, 42.414525009438201 ], [ -83.160189241673095, 42.413805811240103 ], [ -83.160117667332401, 42.412153743986003 ], [ -83.160025517265495, 42.410107702298198 ], [ -83.160007978702694, 42.409714694887903 ], [ -83.159991053899802, 42.4093281596708 ], [ -83.159925746245904, 42.407904088067603 ], [ -83.1598659361062, 42.406473958400703 ], [ -83.159857656412598, 42.406116867588402 ], [ -83.159851664511095, 42.405855062103697 ], [ -83.159840036687697, 42.405654680623101 ], [ -83.159828008333093, 42.405331866452698 ], [ -83.159820789998307, 42.405171161480403 ], [ -83.159813564752994, 42.405010815687703 ], [ -83.159799497062494, 42.4047017440679 ], [ -83.159779544208106, 42.404332644085102 ], [ -83.159762437669897, 42.404061355554198 ], [ -83.159732677872697, 42.403590048270999 ], [ -83.159713910288403, 42.402908436214297 ], [ -83.159705333595497, 42.402610165425003 ], [ -83.1596927771417, 42.402523411088801 ], [ -83.159679030992393, 42.402459410417599 ], [ -83.159655965903795, 42.401978712036801 ], [ -83.159646637441398, 42.401782689399603 ], [ -83.159615177692103, 42.4010602457696 ], [ -83.159577897205807, 42.400249322152 ], [ -83.159535461688094, 42.399397286015201 ], [ -83.159477631449306, 42.397978472915597 ], [ -83.159354917523402, 42.395248278645397 ], [ -83.159355452992202, 42.395228826949598 ], [ -83.159304220546105, 42.393873356628198 ], [ -83.159297704780599, 42.393696630300198 ], [ -83.159242144483301, 42.392251200191602 ], [ -83.159214118730404, 42.391657932654397 ], [ -83.159157328852601, 42.390305308542999 ], [ -83.159075246091504, 42.3885087058148 ], [ -83.159063521163105, 42.388260974343503 ], [ -83.159002228002194, 42.3860743650514 ], [ -83.158997404814301, 42.385909362602803 ], [ -83.158992929236106, 42.385757780537602 ], [ -83.158989106359101, 42.385622681620298 ], [ -83.158983581605, 42.385431110249201 ], [ -83.159106537659596, 42.385430549478201 ], [ -83.160976494995396, 42.3854430695323 ], [ -83.164758114477095, 42.385463591157098 ], [ -83.165557380050799, 42.385455729024301 ], [ -83.165868876308195, 42.385451099823797 ], [ -83.1670424081872, 42.385410561793201 ], [ -83.167639989241295, 42.385377346815197 ], [ -83.168202792199693, 42.385339980047803 ], [ -83.168606825758701, 42.385291480632603 ], [ -83.169238080042504, 42.385212242590001 ], [ -83.170257454621506, 42.385065420865601 ], [ -83.170736405352798, 42.384979707757701 ], [ -83.171633441112903, 42.384786370597098 ], [ -83.173755549440699, 42.384328964013903 ], [ -83.173917153921906, 42.384294129252197 ], [ -83.176301271231395, 42.383780256486801 ], [ -83.177019956341397, 42.383623828466099 ], [ -83.178370384407401, 42.383328778053603 ], [ -83.182794767237795, 42.382339677051696 ], [ -83.183056832657002, 42.382282462195001 ], [ -83.183161107711797, 42.38225809515 ], [ -83.183305575027106, 42.382224661308399 ], [ -83.183978879013694, 42.382039854280102 ], [ -83.184605877873395, 42.3818679193961 ], [ -83.185173018945605, 42.381694489429201 ], [ -83.185698408667506, 42.381528505318201 ], [ -83.186686000546004, 42.381190227887799 ], [ -83.188133914096994, 42.3806717671686 ], [ -83.189032480489004, 42.380343267360402 ], [ -83.190261699617807, 42.379929343957102 ], [ -83.190387851006605, 42.379884651127597 ], [ -83.190632170247795, 42.379784919795199 ], [ -83.190900157682506, 42.379692669405301 ], [ -83.191235287530304, 42.379590848170302 ], [ -83.191552342386899, 42.379495915018197 ], [ -83.191849041520996, 42.379430465937503 ], [ -83.192151837391705, 42.379376514921603 ], [ -83.192457946782099, 42.379333671185002 ], [ -83.192766512384793, 42.379302197752097 ], [ -83.193127735200605, 42.379279730412897 ], [ -83.194558537391998, 42.379261016308199 ], [ -83.197905705011294, 42.379242720284502 ], [ -83.198007946896197, 42.379242160022699 ], [ -83.198048815048693, 42.379240298162003 ], [ -83.198236352375304, 42.379242581031299 ], [ -83.202061033553605, 42.379227785822899 ], [ -83.203846917706301, 42.379206851577301 ], [ -83.204033734359996, 42.379204660601197 ], [ -83.2051620568609, 42.379167797038001 ], [ -83.206306897938106, 42.379121169777903 ], [ -83.207704516674397, 42.379041503914202 ], [ -83.207910958232006, 42.379031153132402 ], [ -83.208755256888793, 42.378988823272799 ], [ -83.209403731900494, 42.378943753224902 ], [ -83.2104442045067, 42.378892587433398 ], [ -83.211163361742393, 42.378866774907003 ], [ -83.211504680290204, 42.3788628646085 ], [ -83.216737384115802, 42.378811649552397 ], [ -83.216874632845006, 42.378810067253099 ], [ -83.216935369896007, 42.378810649842599 ], [ -83.216983862560596, 42.378810948158602 ], [ -83.217058619726004, 42.3788131186447 ], [ -83.217121904332799, 42.378812132354 ], [ -83.217136168169802, 42.378959535682398 ], [ -83.217146481543097, 42.379054387962398 ], [ -83.217202517480303, 42.379460288223001 ], [ -83.217206576854906, 42.379497964292298 ], [ -83.217229219893099, 42.379706994285897 ], [ -83.217398837637106, 42.381298418084903 ], [ -83.217473873155697, 42.381939166513 ], [ -83.2175197801525, 42.382622317006799 ], [ -83.217558013110207, 42.383191254974001 ], [ -83.217576484991596, 42.383393330431602 ], [ -83.217675435612705, 42.3851554166677 ], [ -83.217733991122998, 42.386591440218702 ], [ -83.217739308002393, 42.386718267458001 ], [ -83.217746614584499, 42.386895355107299 ], [ -83.217810841473394, 42.388870582273299 ], [ -83.217833552895996, 42.389325731481897 ], [ -83.217929114306799, 42.3907890990032 ], [ -83.2179895556025, 42.391414017247399 ], [ -83.217993652140294, 42.391490788116897 ], [ -83.218026764980607, 42.392111286369399 ], [ -83.218091375437595, 42.393900269771699 ], [ -83.218186232802097, 42.396116995940403 ], [ -83.218278436438894, 42.397857095446 ], [ -83.218372527325499, 42.399632754487698 ], [ -83.2183895618723, 42.400535645067798 ], [ -83.218389568718706, 42.400746513939403 ], [ -83.218389985169097, 42.401128740810201 ], [ -83.218597437573806, 42.401122107674198 ], [ -83.219311773740401, 42.401107449715397 ], [ -83.219577299430497, 42.401091843843602 ], [ -83.220544048892705, 42.401064139503298 ], [ -83.221314001912901, 42.401044535114799 ], [ -83.221729419973101, 42.401034137878902 ], [ -83.222896205280605, 42.401003935852003 ], [ -83.224035181188498, 42.400973172899498 ], [ -83.225250165409705, 42.400944512907898 ], [ -83.226486041770201, 42.400915868667703 ], [ -83.226592891841605, 42.400913402662901 ], [ -83.227646929580899, 42.400889071066203 ], [ -83.228908435110299, 42.400860478312197 ], [ -83.230166412219603, 42.4008321063708 ], [ -83.231353331961998, 42.400803189497204 ], [ -83.232615231544898, 42.4007794215877 ], [ -83.233775673301594, 42.400758176204903 ], [ -83.234956923311103, 42.400731405299403 ], [ -83.236192404503797, 42.4007007203002 ], [ -83.236442834383396, 42.400694765042203 ], [ -83.237429347113505, 42.400677741825803 ], [ -83.238497101400597, 42.400660445520401 ], [ -83.2395330268847, 42.400644080280301 ], [ -83.240566626230901, 42.4006286720509 ], [ -83.241607534157296, 42.4006120671852 ], [ -83.242684921615407, 42.4005939481845 ], [ -83.243744906585206, 42.400576676064397 ], [ -83.244850745897395, 42.400560243094802 ], [ -83.245418534266705, 42.400550726494998 ], [ -83.245972639924801, 42.400542226344399 ], [ -83.247122409800099, 42.400524663249698 ], [ -83.248232351024996, 42.400499314191698 ], [ -83.249310958331293, 42.400473375963102 ], [ -83.2498655848363, 42.400459172491203 ], [ -83.250385302896305, 42.400448054588601 ], [ -83.250619476981399, 42.400443044620502 ], [ -83.250684300525293, 42.400438969853198 ], [ -83.251978837079207, 42.400410360073799 ], [ -83.253198415792994, 42.400381352842103 ], [ -83.254401147366295, 42.400350097601702 ], [ -83.255604313493393, 42.400321715085603 ], [ -83.256415064749206, 42.4003018200534 ], [ -83.256837282726295, 42.400297752753097 ], [ -83.258111308997201, 42.400287592410102 ], [ -83.259319202893394, 42.400280105376197 ], [ -83.260527325437494, 42.400273328026401 ], [ -83.261762873693598, 42.400268155169002 ], [ -83.263073857402802, 42.400263250719703 ], [ -83.2643750109808, 42.400257696426003 ], [ -83.265003126421306, 42.400254232606002 ], [ -83.265523342588395, 42.400252086456199 ], [ -83.266680636260901, 42.400248081400797 ], [ -83.267888059946102, 42.400225642575698 ], [ -83.269041166055601, 42.400210949481298 ], [ -83.269214544468298, 42.4002094734279 ], [ -83.269882619439699, 42.400144165611998 ], [ -83.2701056447588, 42.4001103039963 ], [ -83.270652063421693, 42.400027251224103 ], [ -83.270878537615502, 42.4000044050116 ], [ -83.271061932479199, 42.399985915710701 ], [ -83.271552871326904, 42.399975403952297 ], [ -83.271679394169894, 42.399972682770503 ], [ -83.271789075965302, 42.399970324035102 ], [ -83.272121392801793, 42.399963175175102 ], [ -83.2723728071973, 42.399965957690299 ], [ -83.272533111550302, 42.399982538128697 ], [ -83.273323934894805, 42.400066323446602 ], [ -83.273791667911496, 42.400112871067599 ], [ -83.273955593661398, 42.400113602684897 ], [ -83.274699659258701, 42.400116920694401 ], [ -83.275224872544797, 42.400113775155603 ], [ -83.275429587140493, 42.400112589815997 ], [ -83.275715392464804, 42.400104294813303 ], [ -83.275906529771902, 42.406836231063103 ], [ -83.275918627705096, 42.407261695004202 ], [ -83.277135324503803, 42.407243777223499 ], [ -83.277983160135705, 42.407244316253603 ], [ -83.279335205706602, 42.407221245090099 ], [ -83.279361142723403, 42.4072203786831 ], [ -83.280669110822103, 42.407176545715899 ], [ -83.282003036405996, 42.407130543364502 ], [ -83.282247703094697, 42.407115556050698 ], [ -83.283429397630002, 42.407092612478003 ], [ -83.284863453569599, 42.407037926174802 ], [ -83.285560272070796, 42.407001422991598 ], [ -83.286456321217401, 42.407007459133098 ], [ -83.286531188877106, 42.409313834080599 ], [ -83.2864682113144, 42.4093151215612 ], [ -83.286559632040607, 42.411735113705703 ], [ -83.286679372530898, 42.414231101171502 ], [ -83.286678879697106, 42.414259568859798 ], [ -83.286764113519297, 42.416609949788899 ], [ -83.286906608883896, 42.419076222645998 ], [ -83.286906257122496, 42.419096544231998 ], [ -83.286980483606001, 42.421441759797901 ], [ -83.287071321284401, 42.423255592070198 ], [ -83.287169847436402, 42.425053545308998 ], [ -83.287204849305994, 42.425599484147902 ], [ -83.287234039975999, 42.426909317974001 ], [ -83.287259973283994, 42.4281933936455 ], [ -83.287325812635203, 42.42855104126 ], [ -83.287325828214094, 42.4285511242418 ], [ -83.287327694563402, 42.428561262111103 ], [ -83.287347513569102, 42.429128495276501 ], [ -83.287445761139793, 42.432228026752597 ], [ -83.287441684694798, 42.432249514050703 ], [ -83.2875000611578, 42.434870468171702 ], [ -83.287523308825797, 42.435882057356501 ], [ -83.287585691202196, 42.437629582003296 ], [ -83.287616637402905, 42.439481093166201 ], [ -83.287726884824096, 42.442102967269797 ], [ -83.287745452180602, 42.442528856436702 ], [ -83.287605652660105, 42.442685242344503 ], [ -83.287598072765505, 42.442695033018403 ], [ -83.286015237076199, 42.442735481794301 ], [ -83.285077397206095, 42.442759408036203 ], [ -83.284540119222797, 42.442760469054299 ], [ -83.282590591785095, 42.442793348569303 ], [ -83.278516769748506, 42.442894211740402 ], [ -83.278227627433907, 42.442901820126998 ], [ -83.275250942754397, 42.442979963039001 ], [ -83.274728262024496, 42.4429936384036 ], [ -83.270709911450496, 42.443098871402697 ], [ -83.270224299246294, 42.443111511313703 ], [ -83.266487664896204, 42.443209193037603 ], [ -83.265905666683494, 42.4432244830451 ], [ -83.261527707632098, 42.443338773216297 ], [ -83.261053211727599, 42.443351139021203 ], [ -83.261027267026904, 42.443351572744298 ], [ -83.258881214638905, 42.443390452710602 ], [ -83.256460281112197, 42.443467859179897 ], [ -83.256415791701997, 42.4434693109176 ], [ -83.255870824415297, 42.4434855127381 ], [ -83.251744639636698, 42.443607802972998 ], [ -83.251281229166906, 42.443621609827701 ], [ -83.247110538105801, 42.443745096042399 ], [ -83.246257861645702, 42.443770312694099 ], [ -83.2421242221413, 42.443892609191899 ], [ -83.241412421245997, 42.443913523405399 ], [ -83.241405008819001, 42.443913621097302 ], [ -83.239422611750896, 42.443937983041401 ], [ -83.239423276287496, 42.444090382561498 ], [ -83.237404555019495, 42.444132018105201 ], [ -83.236961187092604, 42.444141156862798 ], [ -83.235059014377299, 42.444180348068102 ], [ -83.228819916607307, 42.444311638312101 ], [ -83.227210503364503, 42.444346988210597 ], [ -83.225608020651904, 42.4443831466319 ], [ -83.223164414259301, 42.444438826575798 ], [ -83.220157179468004, 42.444511532907903 ], [ -83.219811632618601, 42.444521947096398 ], [ -83.219638800791401, 42.444526394189602 ], [ -83.219291636417694, 42.4445379573664 ], [ -83.217457290811893, 42.444587623126097 ], [ -83.215450067561093, 42.444638524848699 ], [ -83.214345197088306, 42.444655640200402 ], [ -83.211027428207103, 42.444736785038401 ], [ -83.210826780316197, 42.444742073124701 ], [ -83.210573369114002, 42.444748750142303 ], [ -83.210408928497799, 42.444753083081203 ], [ -83.210209921407298, 42.444758515524398 ], [ -83.208101918456805, 42.444724967263802 ], [ -83.207025097274794, 42.444730325045199 ], [ -83.206278740811896, 42.444750778585998 ], [ -83.204994263700499, 42.4447815424192 ], [ -83.204068057650503, 42.444801456054002 ], [ -83.203714322435999, 42.4448113045216 ], [ -83.203467644960696, 42.444816408515898 ], [ -83.203127376978301, 42.444824232958901 ], [ -83.202710021998996, 42.444833113732102 ], [ -83.200537107256693, 42.444897285495003 ], [ -83.1967831469629, 42.445153185023301 ], [ -83.195600991446398, 42.445239773219299 ], [ -83.193031466961202, 42.445283337106403 ], [ -83.190805860849196, 42.445300612897803 ], [ -83.190692854660099, 42.4453033118902 ], [ -83.184741356151306, 42.445422279089399 ], [ -83.183514613682505, 42.445446784754097 ], [ -83.183036282370296, 42.445456336258601 ], [ -83.182306866628394, 42.445470582830403 ], [ -83.181009380144104, 42.445503711755002 ], [ -83.178785276220097, 42.445546542371098 ], [ -83.176098159912598, 42.445601071400397 ], [ -83.173364541443505, 42.4456551712479 ], [ -83.171271063794507, 42.445696812253701 ], [ -83.168943620147203, 42.445753972737599 ], [ -83.165868707812805, 42.445868006203398 ], [ -83.163605505229697, 42.445911349760202 ], [ -83.161515321156699, 42.445953654670198 ], [ -83.161515913432794, 42.445801934164699 ] ] ] } },
{ "type": "Feature", "properties": { "FID": 7, "Battalion": "06", "Shape__Area": 100217501.191406, "Shape__Length": 56414.777651474396, "Label_Name": "6th" }, "geometry": { "type": "Polygon", "coordinates": [ [ [ -82.926616126591995, 42.425574539914301 ], [ -82.925702909812301, 42.4251955015636 ], [ -82.924756325808403, 42.424801672309201 ], [ -82.923817520647205, 42.424413737040503 ], [ -82.922873207742896, 42.424024242676502 ], [ -82.921899854432397, 42.423620767408501 ], [ -82.920941354482096, 42.423225498136198 ], [ -82.919891677418804, 42.422791612722101 ], [ -82.918645845077606, 42.422283871490599 ], [ -82.917996093998198, 42.422020371005203 ], [ -82.917423758049495, 42.421789822976599 ], [ -82.916332575224601, 42.421356789209 ], [ -82.916263011002499, 42.421337437950797 ], [ -82.916115725768606, 42.421279865342498 ], [ -82.9153134312959, 42.420954562810799 ], [ -82.914569732523404, 42.4206558790031 ], [ -82.914462265618795, 42.420649866500199 ], [ -82.914398441996795, 42.4206447340908 ], [ -82.914349641802403, 42.420636620566 ], [ -82.914285594258402, 42.420620281194601 ], [ -82.913599183541606, 42.420337045214097 ], [ -82.913554267335002, 42.420315853660398 ], [ -82.913527352723605, 42.420299263902201 ], [ -82.913491667532099, 42.420267754409799 ], [ -82.913455686533396, 42.420226252663298 ], [ -82.913392966594202, 42.420164643583398 ], [ -82.913274168010602, 42.420096314881803 ], [ -82.910287560513595, 42.418931537229902 ], [ -82.910295649762801, 42.418852971282902 ], [ -82.910356812903601, 42.418377699921699 ], [ -82.910413725405306, 42.417954327939903 ], [ -82.910433868874406, 42.417804575446098 ], [ -82.910510144929802, 42.417238823551997 ], [ -82.910540944850993, 42.417084406529803 ], [ -82.910574543566796, 42.416916075914202 ], [ -82.910603995079299, 42.416768653241597 ], [ -82.910809988721397, 42.4159971955049 ], [ -82.910835762588604, 42.415897758171702 ], [ -82.910981796243405, 42.415534506050903 ], [ -82.911169992121202, 42.415114076380199 ], [ -82.911615836886398, 42.414150117476602 ], [ -82.911999122502294, 42.413380733850197 ], [ -82.912423600555996, 42.412474229486598 ], [ -82.912434078242995, 42.412441768062799 ], [ -82.912546112967107, 42.4121549746692 ], [ -82.912875013836995, 42.411452168692897 ], [ -82.913076543011002, 42.411016419370803 ], [ -82.913201063265006, 42.410746263901999 ], [ -82.913594148002602, 42.409916416218103 ], [ -82.913843781762395, 42.409400029804701 ], [ -82.913892613651697, 42.409294585533601 ], [ -82.914357349850704, 42.408291060287603 ], [ -82.914849103363196, 42.407247672635201 ], [ -82.915543589956599, 42.405772784300297 ], [ -82.915884769776596, 42.405057334798897 ], [ -82.916205301153695, 42.404442784790902 ], [ -82.916639131983402, 42.4036295545909 ], [ -82.917083996839906, 42.402771438628598 ], [ -82.917662432135998, 42.401556730054402 ], [ -82.9182354206512, 42.400366712011298 ], [ -82.918655010443501, 42.399490089323301 ], [ -82.918699843981301, 42.399401767860397 ], [ -82.918916069286595, 42.399072791825503 ], [ -82.919068174726206, 42.398857662389702 ], [ -82.919484540248902, 42.398253832828097 ], [ -82.9196906191887, 42.397969141566598 ], [ -82.920014498136794, 42.397521709575798 ], [ -82.9200318438198, 42.397497746798798 ], [ -82.920064781420805, 42.3974482807782 ], [ -82.920271404925998, 42.397137980073197 ], [ -82.921001546954898, 42.396109944723896 ], [ -82.921390624542298, 42.395557803309401 ], [ -82.921618700558994, 42.395281275520396 ], [ -82.921711136521097, 42.395209271072098 ], [ -82.921856120876498, 42.3951174503025 ], [ -82.922185100014204, 42.394962496782703 ], [ -82.922403661185498, 42.394837488461597 ], [ -82.9234694271465, 42.394440373585702 ], [ -82.924446657524896, 42.3940628596811 ], [ -82.924624141924596, 42.393990123932603 ], [ -82.925357526311501, 42.393704273251998 ], [ -82.9256964534692, 42.393572158296003 ], [ -82.926486213398903, 42.393264324946102 ], [ -82.926675836126293, 42.393190462266098 ], [ -82.927265082813605, 42.392959588812502 ], [ -82.927798891475703, 42.392741065297201 ], [ -82.928426267699706, 42.392483396862403 ], [ -82.928844077862905, 42.392311794724698 ], [ -82.929059073482193, 42.392222979921499 ], [ -82.929261103269297, 42.392139302329497 ], [ -82.930329240760997, 42.391697623610298 ], [ -82.931451930535502, 42.391251157960497 ], [ -82.931935187598299, 42.391069255060202 ], [ -82.932444294986396, 42.390877590925797 ], [ -82.933435682207502, 42.3905093956865 ], [ -82.934404096284993, 42.3901670343717 ], [ -82.934638412693701, 42.390087330161997 ], [ -82.935374443583399, 42.389835664585803 ], [ -82.935507399559597, 42.3897901578732 ], [ -82.936104184605, 42.3896037253459 ], [ -82.936356577399195, 42.3895300972152 ], [ -82.937209755503105, 42.3892966431996 ], [ -82.937351079080798, 42.3892622248744 ], [ -82.937647649301795, 42.389190051242501 ], [ -82.938347561759599, 42.389024172923399 ], [ -82.939223412953297, 42.388823673654002 ], [ -82.939420728213804, 42.388778701243297 ], [ -82.939607296420206, 42.388736204677102 ], [ -82.940575107395404, 42.388550807219701 ], [ -82.9408939478691, 42.388487098726202 ], [ -82.941665900589797, 42.3883518177146 ], [ -82.9422147009209, 42.388255596985502 ], [ -82.942594267231001, 42.388191322722399 ], [ -82.942747608035006, 42.388162159254698 ], [ -82.943357244219996, 42.388054996615701 ], [ -82.944043620262903, 42.387932853686799 ], [ -82.944477551656803, 42.387855269722998 ], [ -82.9456065886109, 42.387655911232997 ], [ -82.946474603552602, 42.387503477108197 ], [ -82.946643168853797, 42.387478514710303 ], [ -82.946644469981294, 42.3874694817208 ], [ -82.946734502519206, 42.387042794531801 ], [ -82.946876358811494, 42.386989885442397 ], [ -82.946151423329795, 42.385984829187997 ], [ -82.946059536826795, 42.385860390083202 ], [ -82.945725607995399, 42.385344232863801 ], [ -82.9457991700055, 42.385315978681099 ], [ -82.945405023055002, 42.384747916565303 ], [ -82.943900484581803, 42.382424997019598 ], [ -82.943000860519405, 42.381038688482498 ], [ -82.942837648172002, 42.3810943952709 ], [ -82.942568842110205, 42.380675610685799 ], [ -82.942413618035602, 42.380457328657002 ], [ -82.942571832207094, 42.380395096559099 ], [ -82.941285273775904, 42.378474158596497 ], [ -82.9399381970034, 42.376404577606003 ], [ -82.939681048404907, 42.375988352472604 ], [ -82.939650045057604, 42.375995029353 ], [ -82.939589997370803, 42.3760035940374 ], [ -82.939528447307197, 42.376007065909398 ], [ -82.939476085275302, 42.376004913930103 ], [ -82.939426204527805, 42.375992553479797 ], [ -82.939381844883101, 42.375968597401297 ], [ -82.939353700886699, 42.375937006950103 ], [ -82.938910365178302, 42.375140145316699 ], [ -82.938905841768801, 42.375132014319199 ], [ -82.938762169545598, 42.374741799989998 ], [ -82.937376530532603, 42.372701195731501 ], [ -82.934972453629996, 42.369066415998702 ], [ -82.933517998864502, 42.366836153172002 ], [ -82.932382457120596, 42.365116208339202 ], [ -82.930539638805897, 42.362416747742103 ], [ -82.930353998006794, 42.362139928942099 ], [ -82.930947345620794, 42.361902742186601 ], [ -82.930696892079794, 42.361524991984403 ], [ -82.930293043403395, 42.360913795903301 ], [ -82.930010645025604, 42.360491615254098 ], [ -82.929985352670798, 42.360445823559402 ], [ -82.929967873917306, 42.360398149814102 ], [ -82.929962304545398, 42.360365133587102 ], [ -82.928433230080103, 42.358091342250503 ], [ -82.928666546991906, 42.358003975533101 ], [ -82.927241189838, 42.356454052483102 ], [ -82.924174270550296, 42.352297525438999 ], [ -82.924047386172703, 42.352123297874002 ], [ -82.924540824659104, 42.352018181240801 ], [ -82.926288368870601, 42.351646579464003 ], [ -82.931699200605905, 42.3504872105622 ], [ -82.941572106610096, 42.3482556756611 ], [ -82.945484980009994, 42.3473963992043 ], [ -82.948094814818802, 42.3460106013939 ], [ -82.954360359352293, 42.342683160022602 ], [ -82.959846615954902, 42.339768999867303 ], [ -82.989197257179896, 42.332481395756901 ], [ -82.991707594336503, 42.332364534450001 ], [ -83.000758199326199, 42.3456852791942 ], [ -83.001167174064307, 42.3464125649678 ], [ -83.001357992520198, 42.346726767163403 ], [ -83.001592838283798, 42.3470489684372 ], [ -83.001781039071005, 42.347295519938299 ], [ -83.002127307491506, 42.347631540673099 ], [ -83.002466127358304, 42.348109607520101 ], [ -83.002681232189602, 42.348424417117599 ], [ -83.002922470654397, 42.348665933225 ], [ -83.004028765727497, 42.350400860380603 ], [ -83.005158369020407, 42.352112054142303 ], [ -83.006147980754093, 42.353609870597502 ], [ -83.006273359155898, 42.353800370300299 ], [ -83.007467180115697, 42.355612164159098 ], [ -83.008862133664294, 42.357726582797397 ], [ -83.010438414525893, 42.360117436251201 ], [ -83.011354762677996, 42.3615062801045 ], [ -83.011703837088604, 42.362034393967903 ], [ -83.011925421734205, 42.362363892101698 ], [ -83.011953652732799, 42.362489273840502 ], [ -83.012360225798801, 42.363221676642503 ], [ -83.012414390245794, 42.363299398154503 ], [ -83.013059175501397, 42.3644256278087 ], [ -83.013244045329301, 42.364356380696599 ], [ -83.013814775142095, 42.364145554895103 ], [ -83.0140032573063, 42.364076219055796 ], [ -83.0144798334901, 42.363901365011998 ], [ -83.014954513979603, 42.363726965445402 ], [ -83.015431658701701, 42.3635510049304 ], [ -83.016421773525494, 42.363186865927503 ], [ -83.017724808911098, 42.362713527493199 ], [ -83.0183105730747, 42.362502132366302 ], [ -83.019034486891698, 42.3622408825806 ], [ -83.020344660592102, 42.361761205461498 ], [ -83.020947321676303, 42.361541974674303 ], [ -83.021617029999106, 42.361299613984798 ], [ -83.024182052594895, 42.360367714733101 ], [ -83.0273866501458, 42.359199656235504 ], [ -83.027766364489807, 42.359043053258397 ], [ -83.028132953463796, 42.3589097049191 ], [ -83.0292872836432, 42.358489123550598 ], [ -83.029773437122003, 42.3583113603935 ], [ -83.030267376257697, 42.358131251243101 ], [ -83.030742256831005, 42.357958642986603 ], [ -83.031223832294202, 42.357783491348698 ], [ -83.031703599108099, 42.357608710807099 ], [ -83.032180668818697, 42.357434974349701 ], [ -83.032679128203299, 42.357253444844503 ], [ -83.033150567128601, 42.357081619098501 ], [ -83.034236200631099, 42.356685570828901 ], [ -83.034702851673501, 42.356515378901697 ], [ -83.035180779422802, 42.356340004955399 ], [ -83.036718801267497, 42.355780878022102 ], [ -83.037814050422597, 42.355382397486103 ], [ -83.038261942110694, 42.3552195385573 ], [ -83.0387024606446, 42.355883251102803 ], [ -83.038922877772507, 42.3562160120972 ], [ -83.03914484053, 42.356551214610398 ], [ -83.039584285500794, 42.357214910944798 ], [ -83.0400235066503, 42.357878151741701 ], [ -83.040489732303101, 42.358582040905198 ], [ -83.040924314051395, 42.359236659094499 ], [ -83.041581843120497, 42.360228766058299 ], [ -83.042029698030802, 42.360904795097802 ], [ -83.042272702100306, 42.361273735381197 ], [ -83.042715722470106, 42.361949435901302 ], [ -83.042965875161698, 42.362319448422298 ], [ -83.043318902929997, 42.3628481409445 ], [ -83.043661480051995, 42.3633660847904 ], [ -83.0443542813683, 42.364414395623101 ], [ -83.044828068506305, 42.365130062724603 ], [ -83.045304699782307, 42.365849543427899 ], [ -83.045824342757498, 42.366631289452499 ], [ -83.046429672153195, 42.367541707136702 ], [ -83.046642512021705, 42.367864130875397 ], [ -83.046766952039206, 42.368052641730799 ], [ -83.047120772709107, 42.368588629539502 ], [ -83.047350861938796, 42.3689334590782 ], [ -83.047458305788695, 42.369094838646603 ], [ -83.047815035950705, 42.369630631048899 ], [ -83.048497950884695, 42.370670606310497 ], [ -83.048563457432607, 42.370777164612697 ], [ -83.049130706528999, 42.371608519311899 ], [ -83.049193334035905, 42.371707750523001 ], [ -83.049427829063703, 42.372055950090299 ], [ -83.049644759189903, 42.372374801939202 ], [ -83.049770615119201, 42.372552421782103 ], [ -83.049913232573303, 42.372755158214801 ], [ -83.0500843711323, 42.373002309079197 ], [ -83.050144849536807, 42.373104026940702 ], [ -83.050370586810999, 42.373477718721396 ], [ -83.050456988745694, 42.373635458575301 ], [ -83.050520567028499, 42.373780617130997 ], [ -83.050479492490794, 42.374118378514098 ], [ -83.050606689832193, 42.374171080669903 ], [ -83.050706436652405, 42.374203300828903 ], [ -83.050824874039606, 42.374259058027597 ], [ -83.050928805585301, 42.374328963455902 ], [ -83.050999204949903, 42.374393888156597 ], [ -83.051043625708303, 42.3744468965536 ], [ -83.051237904101498, 42.3747415985085 ], [ -83.051559295669804, 42.375228028254497 ], [ -83.052046295229005, 42.375958402779098 ], [ -83.052436096274505, 42.376547367764601 ], [ -83.052824696937094, 42.377135957267299 ], [ -83.053021864587606, 42.377467335897101 ], [ -83.053396675999196, 42.378019207305002 ], [ -83.054402291066793, 42.379026108516697 ], [ -83.054751822564796, 42.379603326564897 ], [ -83.054364415697904, 42.3797435540233 ], [ -83.051941843368297, 42.380620392784699 ], [ -83.048034866401494, 42.382034344416397 ], [ -83.045199090191502, 42.383060500022999 ], [ -83.0426136639296, 42.383995974504998 ], [ -83.040680611137603, 42.384695346701903 ], [ -83.040494180303796, 42.384762793649301 ], [ -83.041239039937594, 42.385808391899999 ], [ -83.041871309752295, 42.386695909744802 ], [ -83.0422618141463, 42.387244048569599 ], [ -83.042523435073903, 42.3876112744449 ], [ -83.042617774719105, 42.387743691575899 ], [ -83.042719067831896, 42.387885869064597 ], [ -83.043397362268493, 42.3888379198522 ], [ -83.043856609138899, 42.389482501333298 ], [ -83.044360452303806, 42.390189656127703 ], [ -83.0439950088562, 42.389893590420101 ], [ -83.043546362395404, 42.389510029558302 ], [ -83.042961467884297, 42.389053144325601 ], [ -83.042875425122403, 42.388979705446602 ], [ -83.042739797255805, 42.388874396609303 ], [ -83.041980304653194, 42.388269686563902 ], [ -83.041198440080805, 42.387647027043698 ], [ -83.040168520314694, 42.386826796620902 ], [ -83.039659726283105, 42.386421609783199 ], [ -83.0395248953525, 42.386312521871197 ], [ -83.0391712953584, 42.3859919136233 ], [ -83.038712457044795, 42.385491764073997 ], [ -83.038081013523893, 42.384578479647999 ], [ -83.037529193445394, 42.383799563943299 ], [ -83.037014596371193, 42.383082040677202 ], [ -83.036964975579195, 42.383012854841198 ], [ -83.035637600693903, 42.3811620409762 ], [ -83.034830754585101, 42.380037021904002 ], [ -83.034771198142593, 42.379965281104298 ], [ -83.034680456145594, 42.379875256322002 ], [ -83.034480908937496, 42.379722187849403 ], [ -83.034312155795803, 42.3796000933445 ], [ -83.033880049910493, 42.379287532685701 ], [ -83.033761168180703, 42.379201587944102 ], [ -83.033394168357006, 42.3794464493646 ], [ -83.032922363491494, 42.379824059478203 ], [ -83.032438581758797, 42.380309110529502 ], [ -83.032248697973003, 42.380527738721 ], [ -83.032022820440005, 42.380811921024097 ], [ -83.031950060672898, 42.380917467135603 ], [ -83.031759538162703, 42.381156422778801 ], [ -83.0313127698778, 42.381823944582699 ], [ -83.031173496171405, 42.382031412280497 ], [ -83.030873687011393, 42.382397953102597 ], [ -83.030580018507194, 42.382727107498901 ], [ -83.030396617416997, 42.382909082227002 ], [ -83.030200979892697, 42.383083980405097 ], [ -83.029849467771101, 42.383351944684797 ], [ -83.029665732945801, 42.383487003920202 ], [ -83.029495900244001, 42.383602326624199 ], [ -83.029320344002997, 42.383712719464498 ], [ -83.029141644460097, 42.383816683010103 ], [ -83.028938030557995, 42.383927104955099 ], [ -83.028729550204403, 42.384032157690399 ], [ -83.028476108635402, 42.384149645217498 ], [ -83.028260543533406, 42.3842395758791 ], [ -83.028188124327599, 42.384266573775101 ], [ -83.027892264015804, 42.384376868185598 ], [ -83.027506069840697, 42.384499992602997 ], [ -83.027149724759596, 42.384596094469899 ], [ -83.026936062540599, 42.384648137850803 ], [ -83.026275590694894, 42.384783868230897 ], [ -83.025335485872901, 42.384971146938298 ], [ -83.025106417073999, 42.385016780392903 ], [ -83.024706228047094, 42.385096501372303 ], [ -83.022848931816696, 42.385450343908701 ], [ -83.022492396497, 42.385522140483097 ], [ -83.021702132908999, 42.385699977112601 ], [ -83.021082855051802, 42.385856244598799 ], [ -83.020863024637904, 42.3859178379711 ], [ -83.020535905675004, 42.386015166967098 ], [ -83.020088244900904, 42.3861600471825 ], [ -83.019719493349399, 42.386289744276603 ], [ -83.019082744713202, 42.386534663435199 ], [ -83.017826836105101, 42.387036046211399 ], [ -83.017085087067301, 42.387339134300497 ], [ -83.017009191972605, 42.387368753577903 ], [ -83.016423895153807, 42.387597177945999 ], [ -83.014129696409896, 42.388511418896101 ], [ -83.013148328336001, 42.388901193398702 ], [ -83.012213454091196, 42.389272501883298 ], [ -83.011322424331098, 42.3896275558876 ], [ -83.010140940034802, 42.3900983315025 ], [ -83.008562923396894, 42.390709463414801 ], [ -83.008135303636095, 42.3908652518029 ], [ -83.007808371072102, 42.390971071112901 ], [ -83.007409300254196, 42.391091318739299 ], [ -83.006961957027499, 42.391221792907899 ], [ -83.006378735107404, 42.391404571765001 ], [ -83.006705620873007, 42.390915354641002 ], [ -83.006760134725099, 42.390832899289499 ], [ -83.007089236926106, 42.3903345009426 ], [ -83.006941592323003, 42.390237698310102 ], [ -83.006909057242396, 42.390191609199903 ], [ -83.006743529104398, 42.389957216143699 ], [ -83.006377999825304, 42.389439619136198 ], [ -83.005124769336405, 42.389443308033698 ], [ -83.004438245890199, 42.389443468869402 ], [ -83.003795260829705, 42.389443659131601 ], [ -83.003062768971702, 42.389443977619102 ], [ -83.002328399136601, 42.389444519136298 ], [ -83.001584541902702, 42.389444045052997 ], [ -83.000922102503694, 42.389442742631203 ], [ -83.000819467905799, 42.389442588794701 ], [ -83.0001472949386, 42.3894419751608 ], [ -82.999321905910506, 42.389438254131903 ], [ -82.998768199127099, 42.389437243385899 ], [ -82.997483676393699, 42.389421692904101 ], [ -82.996395117252504, 42.389411895203096 ], [ -82.996226464666705, 42.389409716064698 ], [ -82.996073337073994, 42.389409448338697 ], [ -82.995691403245203, 42.389407908650398 ], [ -82.995084569153093, 42.389407875525698 ], [ -82.994430712827594, 42.389411348969901 ], [ -82.993830300666204, 42.389414783108201 ], [ -82.993177693963204, 42.389421289842602 ], [ -82.992577473787804, 42.389427906252799 ], [ -82.991342624727395, 42.389435381501499 ], [ -82.990939432025598, 42.389437792229202 ], [ -82.990125149423307, 42.389442693752201 ], [ -82.989526614404099, 42.389446333193902 ], [ -82.988963189278095, 42.389449675985503 ], [ -82.988368072135998, 42.389452540412002 ], [ -82.988068059956007, 42.389452321371898 ], [ -82.987868318480395, 42.389465743816402 ], [ -82.987798573712993, 42.389477863021199 ], [ -82.987571955837495, 42.389553267441897 ], [ -82.985893019264594, 42.390192513849399 ], [ -82.985797409910006, 42.390251706304397 ], [ -82.986331236393198, 42.391075834568298 ], [ -82.988354389286201, 42.394175223552402 ], [ -82.989169096829599, 42.395414927568098 ], [ -82.989095238516001, 42.395467987395797 ], [ -82.9875993852298, 42.396574036519802 ], [ -82.987235770580398, 42.396844698142402 ], [ -82.986957078854701, 42.397037873960301 ], [ -82.986679699404604, 42.397215577895203 ], [ -82.986276858535405, 42.397452444523999 ], [ -82.986027987029601, 42.397587813631098 ], [ -82.986017624733194, 42.3975926426629 ], [ -82.985485790416902, 42.397840447058101 ], [ -82.984564043481697, 42.398228934987102 ], [ -82.984137312195401, 42.398380955244299 ], [ -82.984011792060201, 42.3984206664243 ], [ -82.981880612307407, 42.399050477025803 ], [ -82.980450616634101, 42.3994730713639 ], [ -82.976968271305296, 42.4004933761925 ], [ -82.975261400521703, 42.400945201551203 ], [ -82.973037688762105, 42.401473410864902 ], [ -82.971713956965601, 42.4017853556795 ], [ -82.970948230136003, 42.401968811002597 ], [ -82.970488598708798, 42.402073550122999 ], [ -82.970169721459897, 42.402155580593401 ], [ -82.970108396374897, 42.402170303930703 ], [ -82.969612530191696, 42.402289349205503 ], [ -82.968612780703793, 42.402550056742697 ], [ -82.968108791059194, 42.4026767706642 ], [ -82.967780169937697, 42.402759394866898 ], [ -82.966604442155699, 42.403054996852298 ], [ -82.966308960114205, 42.403129284924098 ], [ -82.965714276681595, 42.403285468286498 ], [ -82.965122732962598, 42.403447721026502 ], [ -82.964607952536895, 42.403594530594603 ], [ -82.964223573754197, 42.403712422778199 ], [ -82.962598053382195, 42.404206843903403 ], [ -82.962006757796502, 42.404387423456399 ], [ -82.960250492220396, 42.4049318175175 ], [ -82.959976938388294, 42.405015681070402 ], [ -82.958099996667301, 42.405595071653501 ], [ -82.957094916531304, 42.405889087020803 ], [ -82.956567215671996, 42.406056347865999 ], [ -82.955486265203803, 42.4063827481692 ], [ -82.954546246078706, 42.4066246245104 ], [ -82.953961500474904, 42.406768623107403 ], [ -82.9524535747653, 42.407122546874 ], [ -82.951928985236407, 42.407265215742797 ], [ -82.951666255238607, 42.407338235301999 ], [ -82.951160164000797, 42.407511492428803 ], [ -82.9506801116801, 42.407706470452702 ], [ -82.9505217577031, 42.407770786494702 ], [ -82.950285617303095, 42.407868144146001 ], [ -82.950102966052697, 42.407950102990398 ], [ -82.948938554848496, 42.408594597341498 ], [ -82.948419588468695, 42.408948648799502 ], [ -82.948218733388501, 42.4090987627402 ], [ -82.947014150598406, 42.410003312428003 ], [ -82.946525549618599, 42.410370204023302 ], [ -82.945611758177705, 42.411056386467102 ], [ -82.944055316937593, 42.412231047533503 ], [ -82.943221417520505, 42.412869177406201 ], [ -82.942700017443599, 42.413268284283902 ], [ -82.941571459774195, 42.4141190158482 ], [ -82.941499588057198, 42.414173194123201 ], [ -82.941016876614896, 42.414532761300698 ], [ -82.940324317352804, 42.415061956797601 ], [ -82.940183910451495, 42.415163966060099 ], [ -82.938669499458996, 42.4162641915538 ], [ -82.9381772096893, 42.416587949138403 ], [ -82.937382632096302, 42.417091244927597 ], [ -82.937149279190706, 42.417217169784699 ], [ -82.936902086796806, 42.417355966270499 ], [ -82.936418868335494, 42.417612809278502 ], [ -82.935249280584401, 42.418193351007098 ], [ -82.934898554868695, 42.418364963123302 ], [ -82.934485452122701, 42.418608592698703 ], [ -82.934288924213803, 42.418729261002603 ], [ -82.934130079171098, 42.418826793148703 ], [ -82.933958502714503, 42.418936866838003 ], [ -82.933460364224899, 42.419256441948399 ], [ -82.933155981877206, 42.419477078076099 ], [ -82.932827807389302, 42.419728117677103 ], [ -82.932369538018406, 42.420103393661499 ], [ -82.932130858138294, 42.420314951834001 ], [ -82.932061376919606, 42.420377014317303 ], [ -82.931707012990003, 42.420730727906403 ], [ -82.931379501908097, 42.421079197908497 ], [ -82.930975055412006, 42.421536020104 ], [ -82.930664589494896, 42.421917092729799 ], [ -82.930290690567105, 42.422414419845303 ], [ -82.929811951911603, 42.423040589265398 ], [ -82.928857713765595, 42.424256811259298 ], [ -82.928819907992207, 42.424304997298897 ], [ -82.928749347305697, 42.424394830434501 ], [ -82.928575054843705, 42.424616290546602 ], [ -82.928514200890405, 42.424693614314798 ], [ -82.928452691504006, 42.4247723173129 ], [ -82.927976138640005, 42.425383856239897 ], [ -82.927826497619506, 42.425564297815797 ], [ -82.927535538939793, 42.425938479766501 ], [ -82.927492002100095, 42.425990761777101 ], [ -82.926616126591995, 42.425574539914301 ] ] ] } },
{ "type": "Feature", "properties": { "FID": 8, "Battalion": "03", "Shape__Area": 79685181.9296875, "Shape__Length": 43914.143322665099, "Label_Name": "3rd" }, "geometry": { "type": "Polygon", "coordinates": [ [ [ -82.940616588488695, 42.450380904343902 ], [ -82.9407456399409, 42.450231750081201 ], [ -82.941901972322199, 42.4490449256012 ], [ -82.941989530690904, 42.448951518235297 ], [ -82.942304709958407, 42.448615282852501 ], [ -82.942594267736695, 42.448287285971801 ], [ -82.942680901263401, 42.448177799367997 ], [ -82.943066896948906, 42.447664305851198 ], [ -82.943211751322806, 42.447475504928299 ], [ -82.943226475923595, 42.447457553905998 ], [ -82.943382687584304, 42.447248712925003 ], [ -82.9437771082643, 42.446721409282802 ], [ -82.944048611441005, 42.446358065493698 ], [ -82.944768322029304, 42.445404611035698 ], [ -82.945357721613405, 42.4446149304638 ], [ -82.945829078356397, 42.443989808452699 ], [ -82.946131440249005, 42.443583625419002 ], [ -82.946358158990506, 42.443279865797599 ], [ -82.9466586191853, 42.4428768100504 ], [ -82.947127753094406, 42.442252105376703 ], [ -82.947416083325393, 42.441868794666398 ], [ -82.947485707923903, 42.441763415127198 ], [ -82.947533133722601, 42.441688011661803 ], [ -82.947844772635804, 42.4412738372435 ], [ -82.948161801222895, 42.440852344920103 ], [ -82.948561602022593, 42.440318972526001 ], [ -82.948858561040595, 42.439945671550703 ], [ -82.9489720008593, 42.439805720359701 ], [ -82.949192823389097, 42.439514127571897 ], [ -82.949551838881106, 42.439036248548902 ], [ -82.949755682282699, 42.4387640722139 ], [ -82.950270136198995, 42.438077132925798 ], [ -82.950790491430794, 42.437389870565397 ], [ -82.950852656403598, 42.437307446939599 ], [ -82.950903728315794, 42.437239827592698 ], [ -82.951312219052397, 42.436698994338997 ], [ -82.951607424743401, 42.436305044159703 ], [ -82.951829894254701, 42.436009415126001 ], [ -82.951367922722397, 42.435819518750399 ], [ -82.951361243492201, 42.435816773926398 ], [ -82.950883733783797, 42.435620560976901 ], [ -82.949898172161099, 42.435215586202503 ], [ -82.947859116349207, 42.434381215501602 ], [ -82.945739739170605, 42.433510776825898 ], [ -82.943616668004495, 42.432645024747004 ], [ -82.942521243741993, 42.432196734828601 ], [ -82.940420292053204, 42.4313368978572 ], [ -82.937386672838301, 42.430097808107597 ], [ -82.934346977704195, 42.428853246718703 ], [ -82.932199202491802, 42.427975979747501 ], [ -82.929994472974201, 42.427072830354703 ], [ -82.927610732639195, 42.4260988471244 ], [ -82.927640690052996, 42.426061417611699 ], [ -82.927492604409096, 42.425991047637197 ], [ -82.927499233545802, 42.425983390632702 ], [ -82.927535538939793, 42.425938479766501 ], [ -82.927826497619506, 42.425564297815797 ], [ -82.927976138640005, 42.425383856239897 ], [ -82.928452691504006, 42.4247723173129 ], [ -82.928514200890405, 42.424693614314798 ], [ -82.928575054843705, 42.424616290546602 ], [ -82.928749347305697, 42.424394830434501 ], [ -82.928819907992207, 42.424304997298897 ], [ -82.928857713765595, 42.424256811259298 ], [ -82.929811951911603, 42.423040589265398 ], [ -82.930290690567105, 42.422414419845303 ], [ -82.930664589494896, 42.421917092729799 ], [ -82.930975055412006, 42.421536020104 ], [ -82.931379501908097, 42.421079197908497 ], [ -82.931707012990003, 42.420730727906403 ], [ -82.932061376919606, 42.420377014317303 ], [ -82.932130858138294, 42.420314951834001 ], [ -82.932369538018406, 42.420103393661499 ], [ -82.932827807389302, 42.419728117677103 ], [ -82.933155981877206, 42.419477078076099 ], [ -82.933460364224899, 42.419256441948399 ], [ -82.933958502714503, 42.418936866838003 ], [ -82.934130079171098, 42.418826793148703 ], [ -82.934288924213803, 42.418729261002603 ], [ -82.934485452122701, 42.418608592698703 ], [ -82.934898554868695, 42.418364963123302 ], [ -82.935249280584401, 42.418193351007098 ], [ -82.936418868335494, 42.417612809278502 ], [ -82.936902086796806, 42.417355966270499 ], [ -82.937149279190706, 42.417217169784699 ], [ -82.937382632096302, 42.417091244927597 ], [ -82.9381772096893, 42.416587949138403 ], [ -82.938669499458996, 42.4162641915538 ], [ -82.940183910451495, 42.415163966060099 ], [ -82.940324317352804, 42.415061956797601 ], [ -82.941016876614896, 42.414532761300698 ], [ -82.941499588057198, 42.414173194123201 ], [ -82.941571459774195, 42.4141190158482 ], [ -82.942700017443599, 42.413268284283902 ], [ -82.943221417520505, 42.412869177406201 ], [ -82.944055316937593, 42.412231047533503 ], [ -82.945611758177705, 42.411056386467102 ], [ -82.946525549618599, 42.410370204023302 ], [ -82.947014150598406, 42.410003312428003 ], [ -82.948218733388501, 42.4090987627402 ], [ -82.948419588468695, 42.408948648799502 ], [ -82.948938554848496, 42.408594597341498 ], [ -82.950102966052697, 42.407950102990398 ], [ -82.950285617303095, 42.407868144146001 ], [ -82.9505217577031, 42.407770786494702 ], [ -82.9506801116801, 42.407706470452702 ], [ -82.951160164000797, 42.407511492428803 ], [ -82.951666255238607, 42.407338235301999 ], [ -82.951928985236407, 42.407265215742797 ], [ -82.9524535747653, 42.407122546874 ], [ -82.953961500474904, 42.406768623107403 ], [ -82.954546246078706, 42.4066246245104 ], [ -82.955486265203803, 42.4063827481692 ], [ -82.956567215671996, 42.406056347865999 ], [ -82.957094916531304, 42.405889087020803 ], [ -82.958099996667301, 42.405595071653501 ], [ -82.959976938388294, 42.405015681070402 ], [ -82.960250492220396, 42.4049318175175 ], [ -82.962006757796502, 42.404387423456399 ], [ -82.962598053382195, 42.404206843903403 ], [ -82.964223573754197, 42.403712422778199 ], [ -82.964607952536895, 42.403594530594603 ], [ -82.965122732962598, 42.403447721026502 ], [ -82.965714276681595, 42.403285468286498 ], [ -82.966308960114205, 42.403129284924098 ], [ -82.966604442155699, 42.403054996852298 ], [ -82.967780169937697, 42.402759394866898 ], [ -82.968108791059194, 42.4026767706642 ], [ -82.968612780703793, 42.402550056742697 ], [ -82.969612530191696, 42.402289349205503 ], [ -82.970108396374897, 42.402170303930703 ], [ -82.970169721459897, 42.402155580593401 ], [ -82.970488598708798, 42.402073550122999 ], [ -82.970948230136003, 42.401968811002597 ], [ -82.971713956965601, 42.4017853556795 ], [ -82.973037688762105, 42.401473410864902 ], [ -82.975261400521703, 42.400945201551203 ], [ -82.976968271305296, 42.4004933761925 ], [ -82.980450616634101, 42.3994730713639 ], [ -82.981880612307407, 42.399050477025803 ], [ -82.984011792060201, 42.3984206664243 ], [ -82.984137312195401, 42.398380955244299 ], [ -82.984564043481697, 42.398228934987102 ], [ -82.985485790416902, 42.397840447058101 ], [ -82.986017624733194, 42.3975926426629 ], [ -82.986027987029601, 42.397587813631098 ], [ -82.986276858535405, 42.397452444523999 ], [ -82.986679699404604, 42.397215577895203 ], [ -82.986957078854701, 42.397037873960301 ], [ -82.987235770580398, 42.396844698142402 ], [ -82.9875993852298, 42.396574036519802 ], [ -82.989095238516001, 42.395467987395797 ], [ -82.989169096829599, 42.395414927568098 ], [ -82.988354389286201, 42.394175223552402 ], [ -82.986331236393198, 42.391075834568298 ], [ -82.985797409910006, 42.390251706304397 ], [ -82.985893019264594, 42.390192513849399 ], [ -82.987571955837495, 42.389553267441897 ], [ -82.987798573712993, 42.389477863021199 ], [ -82.987868318480395, 42.389465743816402 ], [ -82.988068059956007, 42.389452321371898 ], [ -82.988368072135998, 42.389452540412002 ], [ -82.988963189278095, 42.389449675985503 ], [ -82.989526614404099, 42.389446333193902 ], [ -82.990125149423307, 42.389442693752201 ], [ -82.990939432025598, 42.389437792229202 ], [ -82.991342624727395, 42.389435381501499 ], [ -82.992577473787804, 42.389427906252799 ], [ -82.993177693963204, 42.389421289842602 ], [ -82.993830300666204, 42.389414783108201 ], [ -82.994430712827594, 42.389411348969901 ], [ -82.995084569153093, 42.389407875525698 ], [ -82.995691403245203, 42.389407908650398 ], [ -82.996073337073994, 42.389409448338697 ], [ -82.996226464666705, 42.389409716064698 ], [ -82.996395117252504, 42.389411895203096 ], [ -82.997483676393699, 42.389421692904101 ], [ -82.998768199127099, 42.389437243385899 ], [ -82.999321905910506, 42.389438254131903 ], [ -83.0001472949386, 42.3894419751608 ], [ -83.000819467905799, 42.389442588794701 ], [ -83.000922102503694, 42.389442742631203 ], [ -83.001584541902702, 42.389444045052997 ], [ -83.002328399136601, 42.389444519136298 ], [ -83.003062768971702, 42.389443977619102 ], [ -83.003795260829705, 42.389443659131601 ], [ -83.004438245890199, 42.389443468869402 ], [ -83.005124769336405, 42.389443308033698 ], [ -83.006377999825304, 42.389439619136198 ], [ -83.006743529104398, 42.389957216143699 ], [ -83.006909057242396, 42.390191609199903 ], [ -83.006941592323003, 42.390237698310102 ], [ -83.007089236926106, 42.3903345009426 ], [ -83.006760134725099, 42.390832899289499 ], [ -83.006705620873007, 42.390915354641002 ], [ -83.006378735107404, 42.391404571765001 ], [ -83.006961957027499, 42.391221792907899 ], [ -83.007409300254196, 42.391091318739299 ], [ -83.007808371072102, 42.390971071112901 ], [ -83.008135303636095, 42.3908652518029 ], [ -83.008562923396894, 42.390709463414801 ], [ -83.010140940034802, 42.3900983315025 ], [ -83.011322424331098, 42.3896275558876 ], [ -83.012213454091196, 42.389272501883298 ], [ -83.013148328336001, 42.388901193398702 ], [ -83.014129696409896, 42.388511418896101 ], [ -83.016423895153807, 42.387597177945999 ], [ -83.017009191972605, 42.387368753577903 ], [ -83.017085087067301, 42.387339134300497 ], [ -83.017826836105101, 42.387036046211399 ], [ -83.019082744713202, 42.386534663435199 ], [ -83.019719493349399, 42.386289744276603 ], [ -83.020088244900904, 42.3861600471825 ], [ -83.020535905675004, 42.386015166967098 ], [ -83.020863024637904, 42.3859178379711 ], [ -83.021082855051802, 42.385856244598799 ], [ -83.021702132908999, 42.385699977112601 ], [ -83.022492396497, 42.385522140483097 ], [ -83.022848931816696, 42.385450343908701 ], [ -83.024706228047094, 42.385096501372303 ], [ -83.025106417073999, 42.385016780392903 ], [ -83.025335485872901, 42.384971146938298 ], [ -83.026275590694894, 42.384783868230897 ], [ -83.026936062540599, 42.384648137850803 ], [ -83.027149724759596, 42.384596094469899 ], [ -83.027506069840697, 42.384499992602997 ], [ -83.027892264015804, 42.384376868185598 ], [ -83.028188124327599, 42.384266573775101 ], [ -83.028260543533406, 42.3842395758791 ], [ -83.028476108635402, 42.384149645217498 ], [ -83.028729550204403, 42.384032157690399 ], [ -83.028938030557995, 42.383927104955099 ], [ -83.029141644460097, 42.383816683010103 ], [ -83.029320344002997, 42.383712719464498 ], [ -83.029495900244001, 42.383602326624199 ], [ -83.029665732945801, 42.383487003920202 ], [ -83.029849467771101, 42.383351944684797 ], [ -83.030200979892697, 42.383083980405097 ], [ -83.030396617416997, 42.382909082227002 ], [ -83.030580018507194, 42.382727107498901 ], [ -83.030873687011393, 42.382397953102597 ], [ -83.031173496171405, 42.382031412280497 ], [ -83.0313127698778, 42.381823944582699 ], [ -83.031759538162703, 42.381156422778801 ], [ -83.031950060672898, 42.380917467135603 ], [ -83.032022820440005, 42.380811921024097 ], [ -83.032248697973003, 42.380527738721 ], [ -83.032438581758797, 42.380309110529502 ], [ -83.032922363491494, 42.379824059478203 ], [ -83.033394168357006, 42.3794464493646 ], [ -83.033761168180703, 42.379201587944102 ], [ -83.033880049910493, 42.379287532685701 ], [ -83.034312155795803, 42.3796000933445 ], [ -83.034480908937496, 42.379722187849403 ], [ -83.034680456145594, 42.379875256322002 ], [ -83.034771198142593, 42.379965281104298 ], [ -83.034830754585101, 42.380037021904002 ], [ -83.035637600693903, 42.3811620409762 ], [ -83.036964975579195, 42.383012854841198 ], [ -83.037014596371193, 42.383082040677202 ], [ -83.037529193445394, 42.383799563943299 ], [ -83.038081013523893, 42.384578479647999 ], [ -83.038712457044795, 42.385491764073997 ], [ -83.0391712953584, 42.3859919136233 ], [ -83.0395248953525, 42.386312521871197 ], [ -83.039659726283105, 42.386421609783199 ], [ -83.040168520314694, 42.386826796620902 ], [ -83.041198440080805, 42.387647027043698 ], [ -83.041980304653194, 42.388269686563902 ], [ -83.042739797255805, 42.388874396609303 ], [ -83.042875425122403, 42.388979705446602 ], [ -83.042961467884297, 42.389053144325601 ], [ -83.043546362395404, 42.389510029558302 ], [ -83.0439950088562, 42.389893590420101 ], [ -83.044360452303806, 42.390189656127703 ], [ -83.043208031927804, 42.390206005118401 ], [ -83.042306588115906, 42.390222339517599 ], [ -83.042308139692594, 42.3905789017061 ], [ -83.042325677420607, 42.3912906853135 ], [ -83.042340909441407, 42.392049319005203 ], [ -83.042353084741094, 42.392602279377002 ], [ -83.042379441295296, 42.393134725446998 ], [ -83.042376539523602, 42.393866810737002 ], [ -83.042385627249004, 42.393930845596401 ], [ -83.042398469797504, 42.394247307410097 ], [ -83.042412504318307, 42.3946391471789 ], [ -83.042413209993498, 42.394823467810703 ], [ -83.042414378019004, 42.395106208311901 ], [ -83.042421860172894, 42.395200117953898 ], [ -83.042427118478301, 42.395547706628101 ], [ -83.042432993365395, 42.3959360215893 ], [ -83.042452415138598, 42.396672446834202 ], [ -83.042472311407494, 42.397435535033601 ], [ -83.042472555647905, 42.397461463296402 ], [ -83.042473183267106, 42.397528000777498 ], [ -83.042474311973393, 42.397647461012497 ], [ -83.042480520485995, 42.398305096027102 ], [ -83.042484950422505, 42.398774235331402 ], [ -83.042489738330204, 42.399281349858498 ], [ -83.042498358074099, 42.4001941513215 ], [ -83.042501350578107, 42.400511158215203 ], [ -83.042507009999596, 42.401110543054202 ], [ -83.042510316137793, 42.401460747090098 ], [ -83.042516011330605, 42.402063950052003 ], [ -83.042531330576594, 42.403686558917101 ], [ -83.042538554562299, 42.404451654769403 ], [ -83.038077953803196, 42.404327571042401 ], [ -83.038002229998199, 42.404528825923798 ], [ -83.037982884365206, 42.404558673252403 ], [ -83.037947483913399, 42.404600758406801 ], [ -83.037904995668598, 42.4046390689711 ], [ -83.037816826903807, 42.404694492233602 ], [ -83.037742789880795, 42.404725230409603 ], [ -83.037651538788495, 42.404748473839597 ], [ -83.037368479033404, 42.404758938012797 ], [ -83.035477364687594, 42.4047965233732 ], [ -83.035171978591706, 42.404804932229602 ], [ -83.034624750927605, 42.4048155036769 ], [ -83.033065826030295, 42.404847612874903 ], [ -83.0321128705951, 42.4048626221254 ], [ -83.031292339853096, 42.404875470519698 ], [ -83.029963591100497, 42.404883000052799 ], [ -83.026218303027093, 42.404954922647697 ], [ -83.023757275010894, 42.4049950038563 ], [ -83.023163341460204, 42.4050049976846 ], [ -83.023195265378902, 42.405818892930398 ], [ -83.023199144397495, 42.405920865210398 ], [ -83.023224942340207, 42.406613043487802 ], [ -83.023235848928707, 42.406913458272498 ], [ -83.023253744597596, 42.407408353297498 ], [ -83.023266374640798, 42.407747235951298 ], [ -83.0232838992479, 42.408202959637102 ], [ -83.023299850709506, 42.4086189566342 ], [ -83.023332022531605, 42.409472292589598 ], [ -83.023363815041606, 42.410282398045503 ], [ -83.023367721301597, 42.410381945817598 ], [ -83.023394567848797, 42.411110242746702 ], [ -83.023423418191797, 42.4118753000539 ], [ -83.023455155825403, 42.412692524284502 ], [ -83.023486715271204, 42.413506775916602 ], [ -83.023517907762496, 42.414309947231601 ], [ -83.023533295294698, 42.414713960162302 ], [ -83.023545344573904, 42.415039151379801 ], [ -83.023557748965501, 42.415371728346898 ], [ -83.023562491985004, 42.415501352457603 ], [ -83.023581453538398, 42.415969608613203 ], [ -83.023596108058896, 42.416350023908599 ], [ -83.023612145106597, 42.416762239094801 ], [ -83.023628676868896, 42.417190938513002 ], [ -83.023647838869806, 42.417723305245303 ], [ -83.023658025381195, 42.417966986425398 ], [ -83.023679391966695, 42.4185719521953 ], [ -83.0236866515136, 42.418742754739299 ], [ -83.023717556286499, 42.4195143189257 ], [ -83.0238732655897, 42.423611209261097 ], [ -83.023890084493402, 42.424064278765997 ], [ -83.023892689679002, 42.424134469442102 ], [ -83.023902824330506, 42.424407467234801 ], [ -83.0239057073168, 42.424485134588899 ], [ -83.023931343547702, 42.425175721864001 ], [ -83.023959865137101, 42.425945366716299 ], [ -83.023988392294399, 42.426743013422097 ], [ -83.024003957668597, 42.427160446041 ], [ -83.024028240336506, 42.427799571432601 ], [ -83.024037144795301, 42.428023967651697 ], [ -83.024061627863503, 42.4286581062089 ], [ -83.024062871918503, 42.428705668809798 ], [ -83.024066330123304, 42.428792485692902 ], [ -83.024068361265805, 42.428843459338303 ], [ -83.024092994314302, 42.4294824042165 ], [ -83.024096625860494, 42.429578449634597 ], [ -83.0241250908973, 42.430331204632601 ], [ -83.0241503380784, 42.431037435264301 ], [ -83.0241547594118, 42.431148237801899 ], [ -83.024178047454299, 42.431766011587399 ], [ -83.024192980568301, 42.432173351122799 ], [ -83.024205402071701, 42.432499805156603 ], [ -83.024226479641598, 42.433056505952997 ], [ -83.024232689232207, 42.433219822538298 ], [ -83.024261466248504, 42.433977944779798 ], [ -83.024274352282006, 42.434361850347202 ], [ -83.024288545992107, 42.434820594425702 ], [ -83.024312840247802, 42.435611978768002 ], [ -83.024325578568295, 42.436014070810401 ], [ -83.024365996869406, 42.437191558921398 ], [ -83.024392033198396, 42.437981162006999 ], [ -83.024420862299607, 42.438784550877898 ], [ -83.024423659396504, 42.438862485468398 ], [ -83.024442468586301, 42.439534868963101 ], [ -83.024466850183899, 42.440299781197197 ], [ -83.024478544899594, 42.440665394251901 ], [ -83.024496945984595, 42.441141273991498 ], [ -83.024505593797102, 42.441349691035398 ], [ -83.0245981584698, 42.443640016857202 ], [ -83.0246064310154, 42.443894141369498 ], [ -83.024682752522196, 42.446106617492802 ], [ -83.024683697441901, 42.446116319743702 ], [ -83.024749131688594, 42.448167035631201 ], [ -83.0247556605146, 42.4483170090705 ], [ -83.024758882772403, 42.448462616112302 ], [ -83.023781644995395, 42.448487856494197 ], [ -83.023624352722194, 42.448491918398801 ], [ -83.022366510629993, 42.448523467147702 ], [ -83.021903911273, 42.448536533147397 ], [ -83.021491785237103, 42.448548146131102 ], [ -83.019853899405803, 42.4485980233558 ], [ -83.017594207837803, 42.448664813837702 ], [ -83.016863729717002, 42.448687939308599 ], [ -83.016088072673597, 42.448707150388799 ], [ -83.014919387060502, 42.448736535452298 ], [ -83.013126485664301, 42.448780835655199 ], [ -83.012925896248703, 42.448786774015403 ], [ -83.012759666542905, 42.448790588411498 ], [ -83.0126701764637, 42.448792642433702 ], [ -83.011526439913197, 42.448828522467601 ], [ -83.011023903489502, 42.448853259700499 ], [ -83.010801634880394, 42.448862648169602 ], [ -83.0091880373392, 42.448935438419497 ], [ -83.008963561182597, 42.448945562288699 ], [ -83.007393020311397, 42.449019803002102 ], [ -83.006964370879899, 42.449038922852999 ], [ -83.006089692301501, 42.449079113386503 ], [ -83.005281211080401, 42.449112005217401 ], [ -83.005196740212, 42.449114005426402 ], [ -83.004833484148094, 42.449122606585803 ], [ -83.003737640453906, 42.449148546362402 ], [ -83.002521190134203, 42.449170448638803 ], [ -83.000620025631704, 42.449228771209398 ], [ -83.000420374316406, 42.449235311989803 ], [ -82.999928277088003, 42.449249934865101 ], [ -82.998889539386198, 42.449278056951201 ], [ -82.998063065109307, 42.449304578027203 ], [ -82.997874859598596, 42.449310089713002 ], [ -82.995449300759901, 42.449366811331899 ], [ -82.994215708030097, 42.449391583894197 ], [ -82.992944586013394, 42.449417096115198 ], [ -82.992173828206603, 42.449435478599199 ], [ -82.990553776353195, 42.449471789536197 ], [ -82.988175835459401, 42.4495257261867 ], [ -82.987799283669105, 42.449534419683197 ], [ -82.9856693799955, 42.4495828025347 ], [ -82.983494372026101, 42.449637497496902 ], [ -82.980164523086898, 42.449721522494599 ], [ -82.978937426753006, 42.4497528519382 ], [ -82.977743800706605, 42.449781890265001 ], [ -82.977093121143795, 42.449798664529602 ], [ -82.9758660569792, 42.449826364987999 ], [ -82.975316149987094, 42.449842782653299 ], [ -82.974636422653205, 42.449861513111102 ], [ -82.973398672674307, 42.449890871351897 ], [ -82.972423904198095, 42.4499159252453 ], [ -82.971437039502504, 42.449951795712401 ], [ -82.971056935837495, 42.449966153791998 ], [ -82.970700436001906, 42.449985191802803 ], [ -82.969927242066206, 42.450034060136502 ], [ -82.969310830655303, 42.450072505848098 ], [ -82.968585921667099, 42.450113501890399 ], [ -82.967703487947105, 42.450148073458799 ], [ -82.966214172212602, 42.450192310783898 ], [ -82.966097524814202, 42.450195590057 ], [ -82.9660880973057, 42.450195854780098 ], [ -82.964666068939394, 42.450216172668398 ], [ -82.964014975202602, 42.450225470130697 ], [ -82.9634072353074, 42.4502358131897 ], [ -82.961008474733404, 42.450280147031897 ], [ -82.958644019785496, 42.450318119186399 ], [ -82.957714415854198, 42.450333528123402 ], [ -82.956614146437602, 42.450354527437902 ], [ -82.955493344582905, 42.450375769963301 ], [ -82.9527426537975, 42.450424225788801 ], [ -82.949461975336902, 42.450485174451103 ], [ -82.949267436533205, 42.450485337677499 ], [ -82.947742602302398, 42.4505177656971 ], [ -82.946057542245001, 42.450532254302502 ], [ -82.943734281633994, 42.450504056755101 ], [ -82.943004204685707, 42.450497637715401 ], [ -82.941477232937601, 42.450511212673902 ], [ -82.940981641520395, 42.4505243204067 ], [ -82.940479453597405, 42.4505361627673 ], [ -82.940616588488695, 42.450380904343902 ] ] ] } },
{ "type": "Feature", "properties": { "FID": 9, "Battalion": "02", "Shape__Area": 109275688.425781, "Shape__Length": 64364.833754269101, "Label_Name": "2nd" }, "geometry": { "type": "Polygon", "coordinates": [ [ [ -83.218389568718706, 42.400746513939403 ], [ -83.2183895618723, 42.400535645067798 ], [ -83.218372527325499, 42.399632754487698 ], [ -83.218278436438894, 42.397857095446 ], [ -83.218186232802097, 42.396116995940403 ], [ -83.218091375437595, 42.393900269771699 ], [ -83.218026764980607, 42.392111286369399 ], [ -83.217993652140294, 42.391490788116897 ], [ -83.2179895556025, 42.391414017247399 ], [ -83.217929114306799, 42.3907890990032 ], [ -83.217833552895996, 42.389325731481897 ], [ -83.217810841473394, 42.388870582273299 ], [ -83.217746614584499, 42.386895355107299 ], [ -83.217739308002393, 42.386718267458001 ], [ -83.217733991122998, 42.386591440218702 ], [ -83.217675435612705, 42.3851554166677 ], [ -83.217576484991596, 42.383393330431602 ], [ -83.217558013110207, 42.383191254974001 ], [ -83.2175197801525, 42.382622317006799 ], [ -83.217473873155697, 42.381939166513 ], [ -83.217398837637106, 42.381298418084903 ], [ -83.217229219893099, 42.379706994285897 ], [ -83.217206576854906, 42.379497964292298 ], [ -83.217202517480303, 42.379460288223001 ], [ -83.217146481543097, 42.379054387962398 ], [ -83.217136168169802, 42.378959535682398 ], [ -83.217121904332799, 42.378812132354 ], [ -83.217058619726004, 42.3788131186447 ], [ -83.216983862560596, 42.378810948158602 ], [ -83.216935369896007, 42.378810649842599 ], [ -83.216874632845006, 42.378810067253099 ], [ -83.216737384115802, 42.378811649552397 ], [ -83.211504680290204, 42.3788628646085 ], [ -83.211163361742393, 42.378866774907003 ], [ -83.2104442045067, 42.378892587433398 ], [ -83.209403731900494, 42.378943753224902 ], [ -83.208755256888793, 42.378988823272799 ], [ -83.207910958232006, 42.379031153132402 ], [ -83.207704516674397, 42.379041503914202 ], [ -83.206306897938106, 42.379121169777903 ], [ -83.2051620568609, 42.379167797038001 ], [ -83.204033734359996, 42.379204660601197 ], [ -83.203846917706301, 42.379206851577301 ], [ -83.202061033553605, 42.379227785822899 ], [ -83.198236352375304, 42.379242581031299 ], [ -83.198048815048693, 42.379240298162003 ], [ -83.198007946896197, 42.379242160022699 ], [ -83.197905705011294, 42.379242720284502 ], [ -83.194558537391998, 42.379261016308199 ], [ -83.193127735200605, 42.379279730412897 ], [ -83.192766512384793, 42.379302197752097 ], [ -83.192457946782099, 42.379333671185002 ], [ -83.192151837391705, 42.379376514921603 ], [ -83.191849041520996, 42.379430465937503 ], [ -83.191552342386899, 42.379495915018197 ], [ -83.191235287530304, 42.379590848170302 ], [ -83.190900157682506, 42.379692669405301 ], [ -83.190632170247795, 42.379784919795199 ], [ -83.190387851006605, 42.379884651127597 ], [ -83.190261699617807, 42.379929343957102 ], [ -83.189032480489004, 42.380343267360402 ], [ -83.188133914096994, 42.3806717671686 ], [ -83.186686000546004, 42.381190227887799 ], [ -83.185698408667506, 42.381528505318201 ], [ -83.185173018945605, 42.381694489429201 ], [ -83.184605877873395, 42.3818679193961 ], [ -83.183978879013694, 42.382039854280102 ], [ -83.183305575027106, 42.382224661308399 ], [ -83.183161107711797, 42.38225809515 ], [ -83.183056832657002, 42.382282462195001 ], [ -83.182794767237795, 42.382339677051696 ], [ -83.178370384407401, 42.383328778053603 ], [ -83.177019956341397, 42.383623828466099 ], [ -83.176301271231395, 42.383780256486801 ], [ -83.173917153921906, 42.384294129252197 ], [ -83.173755549440699, 42.384328964013903 ], [ -83.171633441112903, 42.384786370597098 ], [ -83.170736405352798, 42.384979707757701 ], [ -83.170257454621506, 42.385065420865601 ], [ -83.169238080042504, 42.385212242590001 ], [ -83.168606825758701, 42.385291480632603 ], [ -83.168202792199693, 42.385339980047803 ], [ -83.167639989241295, 42.385377346815197 ], [ -83.1670424081872, 42.385410561793201 ], [ -83.165868876308195, 42.385451099823797 ], [ -83.165557380050799, 42.385455729024301 ], [ -83.164758114477095, 42.385463591157098 ], [ -83.160976494995396, 42.3854430695323 ], [ -83.159106537659596, 42.385430549478201 ], [ -83.158983581605, 42.385431110249201 ], [ -83.158072022358894, 42.385425725285302 ], [ -83.157962804316199, 42.385425011247499 ], [ -83.156851950191097, 42.3854188213515 ], [ -83.156607878778303, 42.385416082218804 ], [ -83.156042011718299, 42.385400206285098 ], [ -83.155958288192096, 42.385397857780902 ], [ -83.155878098289605, 42.385395607216601 ], [ -83.155571402723993, 42.385378110649498 ], [ -83.155265561172797, 42.385354229600502 ], [ -83.154960573065495, 42.385323873130297 ], [ -83.154637040317198, 42.3852853953885 ], [ -83.1545890953537, 42.385278576435603 ], [ -83.154209249482804, 42.385224554443198 ], [ -83.1538906141665, 42.385171539647601 ], [ -83.153468793749695, 42.385091041133201 ], [ -83.153155183679701, 42.385023312461897 ], [ -83.152741029070697, 42.384923444729701 ], [ -83.1524336495998, 42.384841373520302 ], [ -83.152076805224695, 42.384736173545498 ], [ -83.151726200418196, 42.384622395452297 ], [ -83.150814849094502, 42.384664773126303 ], [ -83.149510065691899, 42.384722770964999 ], [ -83.149178858889101, 42.384729908148998 ], [ -83.148725897542107, 42.384737451137099 ], [ -83.148340022074194, 42.384763885548203 ], [ -83.148033681446506, 42.384819210336403 ], [ -83.147775270746706, 42.384889257828 ], [ -83.147520861216407, 42.385004450939597 ], [ -83.147308519774995, 42.385129714077301 ], [ -83.146733678720906, 42.385673691305598 ], [ -83.146404786453999, 42.385962585566404 ], [ -83.1462744190151, 42.3860837052612 ], [ -83.146109151239699, 42.386175801088001 ], [ -83.145898539333601, 42.386250789841299 ], [ -83.145401107534298, 42.386262301267898 ], [ -83.1452853593904, 42.386264829968503 ], [ -83.144800485261399, 42.386275315924202 ], [ -83.144212614102599, 42.386289271418697 ], [ -83.143916888545505, 42.386310734947898 ], [ -83.143781194619507, 42.386314758096503 ], [ -83.143327522448004, 42.386340759754098 ], [ -83.142785081847506, 42.386373736306801 ], [ -83.142381241919296, 42.386397520540299 ], [ -83.142237312413997, 42.386402128354597 ], [ -83.141694068210896, 42.386422644937902 ], [ -83.1406081474437, 42.3864683539814 ], [ -83.139544943693807, 42.386500946230598 ], [ -83.139635689404201, 42.386288019882997 ], [ -83.139559601099194, 42.384095711608303 ], [ -83.139425298896498, 42.3811806752744 ], [ -83.139358225714801, 42.379303711698199 ], [ -83.139221113449395, 42.376149635253299 ], [ -83.139140664621905, 42.375258678835699 ], [ -83.139122792542807, 42.374351286042902 ], [ -83.139086516898303, 42.373489650240998 ], [ -83.139038586154996, 42.372526262062102 ], [ -83.138971441867398, 42.371632848005703 ], [ -83.138976706365796, 42.370902148750098 ], [ -83.138951617746301, 42.3700541045352 ], [ -83.138765911002594, 42.369056840841601 ], [ -83.138806538399507, 42.368672939872603 ], [ -83.138771436932402, 42.367778293716903 ], [ -83.138755191946103, 42.367406617217597 ], [ -83.138744990053198, 42.367178347565499 ], [ -83.138728180914299, 42.3668045040123 ], [ -83.138718714062307, 42.366594431120703 ], [ -83.138700495605903, 42.366162746441297 ], [ -83.138596587456703, 42.363984741203403 ], [ -83.138533533414204, 42.362429114495797 ], [ -83.138465508915999, 42.360855136132102 ], [ -83.138460951344001, 42.360756634352299 ], [ -83.138410203731098, 42.359663042610997 ], [ -83.138396987839997, 42.359378286573801 ], [ -83.138373930441006, 42.3588545527195 ], [ -83.138363454696503, 42.358614302990098 ], [ -83.138330627994506, 42.357857710238399 ], [ -83.138323439416595, 42.357692411395099 ], [ -83.138303478574102, 42.3572694054617 ], [ -83.138295347932896, 42.357090106125902 ], [ -83.138262345371501, 42.356336302631298 ], [ -83.138255660480795, 42.3561824433068 ], [ -83.138232968071506, 42.355663663678399 ], [ -83.138205744913506, 42.355578822224899 ], [ -83.138186644980806, 42.355519189623998 ], [ -83.137304305294904, 42.354306264052603 ], [ -83.136231590550906, 42.352831865408596 ], [ -83.135956772364096, 42.352450196038298 ], [ -83.135771871524796, 42.352192014866198 ], [ -83.135707181070998, 42.352080655034896 ], [ -83.135590263606801, 42.351843539903797 ], [ -83.135445845844004, 42.351599622788903 ], [ -83.135226955198505, 42.351292306683703 ], [ -83.135167939928195, 42.3512102645578 ], [ -83.134740937592099, 42.350621622351497 ], [ -83.134226849667201, 42.349908963528698 ], [ -83.133689809402298, 42.349172913697899 ], [ -83.133136795804603, 42.348416517867101 ], [ -83.132579125854093, 42.347650794507203 ], [ -83.1320270239015, 42.346886480314801 ], [ -83.131475256803498, 42.346124326970603 ], [ -83.130587058665697, 42.344895616462402 ], [ -83.130385770591005, 42.344646626015603 ], [ -83.130169083097599, 42.344378560043801 ], [ -83.129710567842096, 42.343861959634097 ], [ -83.129176900215299, 42.343261072208698 ], [ -83.129078717733506, 42.343132056476399 ], [ -83.128543220428796, 42.3424037402511 ], [ -83.127960647971804, 42.341603150619399 ], [ -83.127403534893503, 42.340837375878202 ], [ -83.126855794232995, 42.340080942291799 ], [ -83.126296552722494, 42.339310217898799 ], [ -83.125742502313201, 42.3385477400493 ], [ -83.125599084381307, 42.338350606836798 ], [ -83.125470199950598, 42.3381733501393 ], [ -83.125166243615496, 42.337755304249498 ], [ -83.125015725587303, 42.337547570567203 ], [ -83.124944923352501, 42.337452523609699 ], [ -83.124860430534994, 42.337333185404901 ], [ -83.124618981639102, 42.337000212379699 ], [ -83.124332524342606, 42.336606461932497 ], [ -83.123845117569601, 42.335933426994998 ], [ -83.123765459877703, 42.335824104653398 ], [ -83.123684580798994, 42.335712078493899 ], [ -83.123265335724, 42.335134875546601 ], [ -83.122730257431598, 42.334398431380698 ], [ -83.122202265709305, 42.333672327675004 ], [ -83.121674253983201, 42.3329478409646 ], [ -83.121342085213399, 42.332492738569698 ], [ -83.120790852519903, 42.331740621542899 ], [ -83.120342110114294, 42.331120093917598 ], [ -83.122083811805197, 42.331128522029701 ], [ -83.123588033186806, 42.331133920247197 ], [ -83.124417868622501, 42.331138775210398 ], [ -83.125294560187797, 42.331136319537997 ], [ -83.126588850774397, 42.331159102273297 ], [ -83.127233578692994, 42.331156047284097 ], [ -83.127377246967498, 42.331155390827298 ], [ -83.127557751682204, 42.3311545620329 ], [ -83.128868060768795, 42.3311390828909 ], [ -83.129447555984299, 42.331129832862601 ], [ -83.130331068748404, 42.331118912944802 ], [ -83.130783044215306, 42.3311151770259 ], [ -83.131900354151796, 42.3311191681087 ], [ -83.132879274613899, 42.331108521083998 ], [ -83.1332884744198, 42.331105268052298 ], [ -83.133982454426004, 42.331098916752602 ], [ -83.134443491065994, 42.331101418886803 ], [ -83.135162914802905, 42.331106903139599 ], [ -83.135537936709994, 42.331104130902098 ], [ -83.136382645185506, 42.331097806630702 ], [ -83.136570108216901, 42.3310988496427 ], [ -83.137324671360901, 42.331104056466501 ], [ -83.137600957479407, 42.3311103640049 ], [ -83.138561079239196, 42.331141365895803 ], [ -83.138758772231199, 42.331147770708299 ], [ -83.138944006585305, 42.331153609978799 ], [ -83.139671845413005, 42.331175386258302 ], [ -83.139973017724202, 42.331180232885302 ], [ -83.140288222304093, 42.331185291611298 ], [ -83.1407005412009, 42.331174081594597 ], [ -83.141137324499695, 42.331122075556799 ], [ -83.141208188693795, 42.331109875314702 ], [ -83.141935469679197, 42.330893100142198 ], [ -83.142074400049907, 42.330851680734398 ], [ -83.142292784069795, 42.3307810355928 ], [ -83.142544097468402, 42.330719939214603 ], [ -83.142958086160107, 42.33065582663 ], [ -83.144452810740205, 42.330457968827503 ], [ -83.145455515798403, 42.330309741295501 ], [ -83.145945346972297, 42.330238952817702 ], [ -83.146466617161195, 42.330161181972301 ], [ -83.147486646229396, 42.330004209032602 ], [ -83.148015886494093, 42.329914597379002 ], [ -83.1485390249603, 42.3298397426977 ], [ -83.149555258450803, 42.329698837420601 ], [ -83.149806998494398, 42.329660334862602 ], [ -83.149977173601599, 42.3296370885055 ], [ -83.150143511401197, 42.329607623170702 ], [ -83.150553968807898, 42.329512667123304 ], [ -83.150736244576706, 42.329461948766301 ], [ -83.151382998451297, 42.329275565238603 ], [ -83.151878108536906, 42.329130773259102 ], [ -83.152227503487495, 42.329028627779401 ], [ -83.153084248511604, 42.328778090115797 ], [ -83.153229054141704, 42.328735732295499 ], [ -83.153415535163305, 42.3286811838802 ], [ -83.153623728426894, 42.3286202935559 ], [ -83.154920409729698, 42.328265686864903 ], [ -83.155072666356801, 42.328224048274002 ], [ -83.155358548745596, 42.328145867668702 ], [ -83.156104093904105, 42.327941918273702 ], [ -83.156598694906506, 42.327806615809401 ], [ -83.156635142441303, 42.3279604642359 ], [ -83.156650126850195, 42.328170894725901 ], [ -83.156678450583598, 42.328568637756703 ], [ -83.156684728749198, 42.328739419473997 ], [ -83.156691354511295, 42.328917316174099 ], [ -83.156720139833396, 42.329529887152901 ], [ -83.156741339215202, 42.3299327665327 ], [ -83.156858167936903, 42.333950782330398 ], [ -83.156985525341796, 42.336968703318803 ], [ -83.156986015801905, 42.337010365065801 ], [ -83.156752217793795, 42.337013678115902 ], [ -83.156369094064402, 42.337023123415698 ], [ -83.156141520303507, 42.337028700347503 ], [ -83.155952482524, 42.3370406908939 ], [ -83.155785929977199, 42.337052254783302 ], [ -83.155621175548603, 42.337063837619397 ], [ -83.155397015668498, 42.337078787437001 ], [ -83.155223885937602, 42.337104954846602 ], [ -83.155016520269101, 42.337134758663098 ], [ -83.154898403778901, 42.337152175050001 ], [ -83.154731591948504, 42.337177074803598 ], [ -83.154581949665797, 42.337197489193997 ], [ -83.154405798412, 42.337240298307698 ], [ -83.154180040624396, 42.3372912496582 ], [ -83.154014766146901, 42.337329505869498 ], [ -83.153797724288395, 42.337394556976797 ], [ -83.153585203347603, 42.337458322527198 ], [ -83.153406147319302, 42.337511772273899 ], [ -83.153243167431498, 42.337570730263899 ], [ -83.153117184294103, 42.337622745514402 ], [ -83.153013046557206, 42.337660987808398 ], [ -83.152766550459205, 42.337761074853198 ], [ -83.152681237912702, 42.337802185186298 ], [ -83.152473549152205, 42.337894683206301 ], [ -83.152350054563399, 42.337957397471797 ], [ -83.152206484852798, 42.338035238501199 ], [ -83.152072920429902, 42.338107183545098 ], [ -83.151953918118394, 42.338169945471897 ], [ -83.151877606084, 42.338210484370897 ], [ -83.151810335664393, 42.338248453063201 ], [ -83.151694449269499, 42.338335927779603 ], [ -83.151599626398394, 42.338403617653498 ], [ -83.151444594312494, 42.338516021638299 ], [ -83.151038622356893, 42.338817843834498 ], [ -83.150914383348393, 42.338918570282303 ], [ -83.1507170403533, 42.339125905542502 ], [ -83.150428729642201, 42.3394336566882 ], [ -83.150323849933002, 42.339555934658897 ], [ -83.150165532448497, 42.339744343312802 ], [ -83.150035432940896, 42.339915044682598 ], [ -83.149849693609696, 42.3401725322027 ], [ -83.149772743626201, 42.340291774126399 ], [ -83.149682610103596, 42.340441558126102 ], [ -83.149651386434599, 42.340521267988898 ], [ -83.149584391174798, 42.340683306771098 ], [ -83.149540270957502, 42.3408249133971 ], [ -83.149475986646493, 42.341032340174003 ], [ -83.149436688946807, 42.341203347622603 ], [ -83.149402171521899, 42.341359731770297 ], [ -83.149378844281003, 42.341495557574603 ], [ -83.149311672975102, 42.341851036041803 ], [ -83.149270422202306, 42.342076052229302 ], [ -83.149224155298199, 42.342327696766297 ], [ -83.149175140929202, 42.342581980569499 ], [ -83.1491298764535, 42.342828299214197 ], [ -83.149086696001902, 42.343059965637401 ], [ -83.149022517944104, 42.343400134322103 ], [ -83.148958196155505, 42.343747638717701 ], [ -83.148896739061399, 42.344086502160899 ], [ -83.1488778505216, 42.344179018099801 ], [ -83.148804421185901, 42.344578453765003 ], [ -83.148784149877997, 42.344688833908997 ], [ -83.148769211030299, 42.344770183255903 ], [ -83.148712779960107, 42.345081752088603 ], [ -83.148656297519295, 42.345395988204302 ], [ -83.148607955308194, 42.345661618538301 ], [ -83.148548486780697, 42.345990497127303 ], [ -83.148481918931793, 42.346360657132401 ], [ -83.148403404142201, 42.346790054320202 ], [ -83.148313632976397, 42.347289370214803 ], [ -83.148217854573005, 42.347819972261199 ], [ -83.148195668805698, 42.347943137121199 ], [ -83.148119989740593, 42.348365227307497 ], [ -83.148019322532605, 42.348915787908702 ], [ -83.147952865573401, 42.349279945042198 ], [ -83.147939382690197, 42.349417876980397 ], [ -83.1479046510822, 42.349723008397497 ], [ -83.147874180063198, 42.349994166096401 ], [ -83.147864493734403, 42.350398287994899 ], [ -83.147854208581904, 42.350787061703599 ], [ -83.147851382867998, 42.350885752899501 ], [ -83.147844624983904, 42.3511398228136 ], [ -83.147838024476499, 42.3513858890432 ], [ -83.147835914616806, 42.3514479015059 ], [ -83.147829938765398, 42.3517079827214 ], [ -83.147826579280604, 42.3518340166519 ], [ -83.147824750304693, 42.351922061525798 ], [ -83.148622850747202, 42.351906224235101 ], [ -83.149627872197101, 42.351885223413802 ], [ -83.150634585602205, 42.351864501045398 ], [ -83.151639831470106, 42.351844294279303 ], [ -83.152639003272498, 42.351824283764202 ], [ -83.153991704165307, 42.351795617789897 ], [ -83.1551675679856, 42.351771800295197 ], [ -83.156343184675507, 42.351748148971801 ], [ -83.157529860230596, 42.351723792044602 ], [ -83.1580832678966, 42.3517123159872 ], [ -83.158668098764693, 42.351699537476797 ], [ -83.159777091358507, 42.351674781344599 ], [ -83.160933302035104, 42.351650064913102 ], [ -83.162093631178294, 42.351625741479197 ], [ -83.163920696349706, 42.351584793324101 ], [ -83.165029910241699, 42.351560887746999 ], [ -83.166126878948901, 42.351536211544399 ], [ -83.166299564935898, 42.351532366463204 ], [ -83.167397258972002, 42.351506896925301 ], [ -83.168507694787905, 42.3514832188093 ], [ -83.169704908080803, 42.351453532755798 ], [ -83.170003604156094, 42.351448760812097 ], [ -83.171372935092407, 42.351418982741798 ], [ -83.1726051629458, 42.3513921568535 ], [ -83.173762705168002, 42.351366963700798 ], [ -83.1749208532528, 42.351341766015203 ], [ -83.176027995439796, 42.3513177312987 ], [ -83.176612109529302, 42.351304950133901 ], [ -83.177188327958604, 42.351292442472698 ], [ -83.177793691060899, 42.351279235947104 ], [ -83.178384362433306, 42.351266345983397 ], [ -83.179596605603507, 42.351240572099002 ], [ -83.181938810058597, 42.351189590697501 ], [ -83.182076958477793, 42.351186676578699 ], [ -83.184483230009207, 42.3511359179004 ], [ -83.185687965893706, 42.351111455839998 ], [ -83.186771566311705, 42.351092923956998 ], [ -83.186915119896597, 42.3510873553887 ], [ -83.187505469449107, 42.351073651127102 ], [ -83.188107769368202, 42.351061608448099 ], [ -83.1892607374715, 42.351039992392302 ], [ -83.190287570159796, 42.351019127327099 ], [ -83.191291789770702, 42.351000089687098 ], [ -83.192335601231306, 42.350980012205902 ], [ -83.193396040827196, 42.350959917848201 ], [ -83.194456001066996, 42.350939447585702 ], [ -83.195512417465807, 42.350920191401102 ], [ -83.196022305782407, 42.350910046082298 ], [ -83.196613305822893, 42.350898502634699 ], [ -83.196590703535804, 42.350478332639902 ], [ -83.196551161521995, 42.349661425851998 ], [ -83.196548473169301, 42.3496036259384 ], [ -83.196492793092204, 42.348429224780297 ], [ -83.196436205710697, 42.347283986622102 ], [ -83.196377505264493, 42.346057241909001 ], [ -83.196346745467196, 42.345464113166301 ], [ -83.196319668614095, 42.344888219709503 ], [ -83.196328816496305, 42.344626753558799 ], [ -83.196303730671502, 42.344106625159903 ], [ -83.196293691681902, 42.343897442687002 ], [ -83.196292185515603, 42.343673411750402 ], [ -83.196291013907, 42.343496295142003 ], [ -83.196279878472595, 42.343234619805898 ], [ -83.196227580921601, 42.341959049198103 ], [ -83.1961461883391, 42.340059124410203 ], [ -83.196128413455995, 42.339690384376098 ], [ -83.196037134402403, 42.339441148518603 ], [ -83.195987508997206, 42.3382481911121 ], [ -83.195914247207398, 42.336447012077898 ], [ -83.196139325836597, 42.336442671277801 ], [ -83.197177268759702, 42.336434734668998 ], [ -83.197784460362996, 42.336429018622603 ], [ -83.198290787028, 42.336421267683399 ], [ -83.198397564470397, 42.3364157042435 ], [ -83.198536896500897, 42.336408495896798 ], [ -83.199010621179298, 42.336404908039903 ], [ -83.1996290788491, 42.336397315415297 ], [ -83.200870344625102, 42.3363765814807 ], [ -83.202114296187304, 42.336361444814301 ], [ -83.2027361973946, 42.336351348633301 ], [ -83.203354891100503, 42.336337525495097 ], [ -83.203966527721505, 42.336331189887801 ], [ -83.204584435094006, 42.336326985183902 ], [ -83.205890027665603, 42.3363252238318 ], [ -83.207071156947194, 42.336314251346003 ], [ -83.207682482411698, 42.3363050113146 ], [ -83.208291972672797, 42.336296558700298 ], [ -83.209511624379502, 42.336276140813403 ], [ -83.210122496859796, 42.336265095768198 ], [ -83.210733281625593, 42.336252217868598 ], [ -83.211997813985107, 42.3362197142676 ], [ -83.212598488748895, 42.336202235959597 ], [ -83.212816571763199, 42.336182214359901 ], [ -83.213040986976097, 42.336134795998198 ], [ -83.213208298506203, 42.336071219248701 ], [ -83.213252905000402, 42.336054295319698 ], [ -83.213662104926101, 42.335792122228 ], [ -83.213777172556206, 42.335856678217702 ], [ -83.213871702113906, 42.3359030178176 ], [ -83.214029223678494, 42.335968725149002 ], [ -83.214203728908799, 42.336028212048603 ], [ -83.214451676840596, 42.336086463616198 ], [ -83.214692119932906, 42.336124019727102 ], [ -83.214888880888395, 42.336141504543903 ], [ -83.215086943545501, 42.336147566492897 ], [ -83.215419533377698, 42.336143648249198 ], [ -83.2157634991446, 42.336141375961397 ], [ -83.2159413796427, 42.336136337110098 ], [ -83.215935266097006, 42.336046597201197 ], [ -83.215928127276598, 42.335686708393702 ], [ -83.215913500819099, 42.335363054198901 ], [ -83.215899612687494, 42.335194769068003 ], [ -83.215911611661596, 42.334131714087299 ], [ -83.215899863278594, 42.333587638970499 ], [ -83.2158931581248, 42.332911051051603 ], [ -83.2158870437068, 42.332532740022302 ], [ -83.215869113162398, 42.331423381017899 ], [ -83.215778207690903, 42.329105874881201 ], [ -83.215774827748902, 42.329018372212097 ], [ -83.216004825706605, 42.329013381316202 ], [ -83.220382106816004, 42.328918916097102 ], [ -83.221497721755, 42.328894071165003 ], [ -83.222680801305003, 42.328868338772899 ], [ -83.223873911601103, 42.328842376354103 ], [ -83.224862598998698, 42.328820853187899 ], [ -83.225197520565601, 42.328809782939402 ], [ -83.225418388722801, 42.328682212432398 ], [ -83.225560111780098, 42.328990949056198 ], [ -83.225709605380402, 42.3292961900246 ], [ -83.225798700573705, 42.329427871426901 ], [ -83.225984609054805, 42.329690597604198 ], [ -83.226197743044295, 42.329992189178803 ], [ -83.226417462065598, 42.330302422620797 ], [ -83.226574240161, 42.330525548072899 ], [ -83.226635127450393, 42.330619782189601 ], [ -83.226781808247296, 42.3308685333159 ], [ -83.226986449535104, 42.331213633460003 ], [ -83.227085440325396, 42.331384006138599 ], [ -83.227216235288594, 42.331606154782698 ], [ -83.227342372147902, 42.331819680382999 ], [ -83.227461001129996, 42.332022409640899 ], [ -83.227640456176999, 42.332322946200797 ], [ -83.227665065676007, 42.332346776868697 ], [ -83.227924656464197, 42.332267194951797 ], [ -83.228558635822594, 42.332074113842801 ], [ -83.229126019638599, 42.331903516632501 ], [ -83.229731368596504, 42.331719599582001 ], [ -83.230235825552597, 42.331566233436597 ], [ -83.230615965332007, 42.331451523390299 ], [ -83.231083253418404, 42.331311479718202 ], [ -83.231553802562601, 42.331168488315299 ], [ -83.231911360039007, 42.331059503157299 ], [ -83.232308466976903, 42.330938406039699 ], [ -83.232446441717599, 42.330898691216397 ], [ -83.232737679821696, 42.330772960651302 ], [ -83.233176117666005, 42.3305855708658 ], [ -83.233613772551706, 42.330396979492598 ], [ -83.234053008287006, 42.330209594338797 ], [ -83.234652431246005, 42.329952337434698 ], [ -83.234669069379393, 42.329946076536999 ], [ -83.234669417252704, 42.329945963858997 ], [ -83.234780575751202, 42.330889431796699 ], [ -83.234941642895805, 42.331998419563902 ], [ -83.234955964566097, 42.332273897073897 ], [ -83.234976733356206, 42.332734725849903 ], [ -83.2350045984345, 42.333050705969903 ], [ -83.2350508091601, 42.3342778389665 ], [ -83.2351096458505, 42.335841946285598 ], [ -83.235531455976698, 42.335815655176397 ], [ -83.236344056022403, 42.335793817794404 ], [ -83.237324299316796, 42.335750456700801 ], [ -83.237572099354196, 42.335744189944698 ], [ -83.237711789393899, 42.339456568398603 ], [ -83.237835023804706, 42.342657728481498 ], [ -83.237850911031103, 42.343093939284401 ], [ -83.239014715056399, 42.343074267337897 ], [ -83.240019147828207, 42.343055252317498 ], [ -83.240190947786601, 42.343051826529397 ], [ -83.241359151257001, 42.343030373472999 ], [ -83.242509674212599, 42.3430134152199 ], [ -83.242938817437704, 42.343001287576598 ], [ -83.243080607981895, 42.342996669786103 ], [ -83.243215660515702, 42.342991419678597 ], [ -83.243279840353395, 42.3429888091582 ], [ -83.243724980431594, 42.342957470698501 ], [ -83.244285040604296, 42.342904884679001 ], [ -83.244506139271095, 42.342888396466101 ], [ -83.248686801323004, 42.342425714025502 ], [ -83.248871701846994, 42.3424053303509 ], [ -83.249030214504103, 42.342387854921803 ], [ -83.251956399696198, 42.3420655603421 ], [ -83.252171622871302, 42.342041776719803 ], [ -83.252416884281203, 42.342015954758303 ], [ -83.2528854503513, 42.341970002019799 ], [ -83.253627847441606, 42.341901549030098 ], [ -83.253843155712801, 42.3418817058269 ], [ -83.254714212660602, 42.341845243435998 ], [ -83.254861741649805, 42.341839993708199 ], [ -83.255122121780801, 42.341832606055902 ], [ -83.255360809693101, 42.3418257761031 ], [ -83.256081982808993, 42.341805138757302 ], [ -83.257292861154795, 42.3417715243313 ], [ -83.257588832398696, 42.341763878399398 ], [ -83.258518564725193, 42.341739860523397 ], [ -83.259774426110297, 42.341713625989698 ], [ -83.260821244124401, 42.341705013879903 ], [ -83.260990740285607, 42.341708015096202 ], [ -83.262242358117405, 42.341737490089201 ], [ -83.262470458503898, 42.341741329534798 ], [ -83.263190505646094, 42.341721952440501 ], [ -83.2633316730941, 42.341719079770698 ], [ -83.2639259157243, 42.341700463732899 ], [ -83.263803060772403, 42.343782825568901 ], [ -83.263682797137506, 42.343850715441 ], [ -83.263659445437398, 42.343874078272698 ], [ -83.263641342498403, 42.343902624245104 ], [ -83.2636314547848, 42.343933320923 ], [ -83.2636341699518, 42.343985749064203 ], [ -83.263854332418603, 42.346339746722698 ], [ -83.264112605990405, 42.348935233116102 ], [ -83.264403089237604, 42.351776064491702 ], [ -83.264602967745006, 42.3535832623961 ], [ -83.264752460284996, 42.355070237246899 ], [ -83.2648874572225, 42.356575214522302 ], [ -83.264994469357404, 42.357080821529202 ], [ -83.265250529788403, 42.357072701834397 ], [ -83.265313153250204, 42.358917430694198 ], [ -83.265329918494004, 42.3594054147108 ], [ -83.265423980671599, 42.362249519671003 ], [ -83.265431610407802, 42.3625329411447 ], [ -83.265464322427604, 42.363486570942499 ], [ -83.265487238303805, 42.364272957700997 ], [ -83.265575108778094, 42.366746179815799 ], [ -83.265656037783103, 42.3691175525896 ], [ -83.265722165339895, 42.371047929253699 ], [ -83.265733834524994, 42.371396916256799 ], [ -83.265709785744704, 42.371513931438699 ], [ -83.265693125349301, 42.371643558657802 ], [ -83.265778190315103, 42.373930230712801 ], [ -83.265797740683496, 42.374398433249802 ], [ -83.265794473249599, 42.374480425548498 ], [ -83.265789751063807, 42.374596707952698 ], [ -83.265930415622293, 42.378665281301799 ], [ -83.274878564973093, 42.378553132711197 ], [ -83.275182857174897, 42.378548830817401 ], [ -83.275147678587103, 42.380320193444703 ], [ -83.275135162053502, 42.380720515183597 ], [ -83.275142743841499, 42.380933494423601 ], [ -83.275217673725606, 42.382296390344997 ], [ -83.275265048166005, 42.383382015723598 ], [ -83.275304525123701, 42.384869511666899 ], [ -83.275283256969999, 42.3848789439459 ], [ -83.275715388372305, 42.400104111998701 ], [ -83.275715397323196, 42.40010429486 ], [ -83.275429587140493, 42.400112589815997 ], [ -83.275224872544797, 42.400113775155603 ], [ -83.274699659258701, 42.400116920694401 ], [ -83.273955593661398, 42.400113602684897 ], [ -83.273791667911496, 42.400112871067599 ], [ -83.273323934894805, 42.400066323446602 ], [ -83.272533111550302, 42.399982538128697 ], [ -83.2723728071973, 42.399965957690299 ], [ -83.272121392801793, 42.399963175175102 ], [ -83.271789075965302, 42.399970324035102 ], [ -83.271679394169894, 42.399972682770503 ], [ -83.271552871326904, 42.399975403952297 ], [ -83.271061932479199, 42.399985915710701 ], [ -83.270878537615502, 42.4000044050116 ], [ -83.270652063421693, 42.400027251224103 ], [ -83.2701056447588, 42.4001103039963 ], [ -83.269882619439699, 42.400144165611998 ], [ -83.269214544468298, 42.4002094734279 ], [ -83.269041166055601, 42.400210949481298 ], [ -83.267888059946102, 42.400225642575698 ], [ -83.266680636260901, 42.400248081400797 ], [ -83.265523342588395, 42.400252086456199 ], [ -83.265003126421306, 42.400254232606002 ], [ -83.2643750109808, 42.400257696426003 ], [ -83.263073857402802, 42.400263250719703 ], [ -83.261762873693598, 42.400268155169002 ], [ -83.260527325437494, 42.400273328026401 ], [ -83.259319202893394, 42.400280105376197 ], [ -83.258111308997201, 42.400287592410102 ], [ -83.256837282726295, 42.400297752753097 ], [ -83.256415064749206, 42.4003018200534 ], [ -83.255604313493393, 42.400321715085603 ], [ -83.254401147366295, 42.400350097601702 ], [ -83.253198415792994, 42.400381352842103 ], [ -83.251978837079207, 42.400410360073799 ], [ -83.250684300525293, 42.400438969853198 ], [ -83.250619476981399, 42.400443044620502 ], [ -83.250385302896305, 42.400448054588601 ], [ -83.2498655848363, 42.400459172491203 ], [ -83.249310958331293, 42.400473375963102 ], [ -83.248232351024996, 42.400499314191698 ], [ -83.247122409800099, 42.400524663249698 ], [ -83.245972639924801, 42.400542226344399 ], [ -83.245418534266705, 42.400550726494998 ], [ -83.244850745897395, 42.400560243094802 ], [ -83.243744906585206, 42.400576676064397 ], [ -83.242684921615407, 42.4005939481845 ], [ -83.241607534157296, 42.4006120671852 ], [ -83.240566626230901, 42.4006286720509 ], [ -83.2395330268847, 42.400644080280301 ], [ -83.238497101400597, 42.400660445520401 ], [ -83.237429347113505, 42.400677741825803 ], [ -83.236442834383396, 42.400694765042203 ], [ -83.236192404503797, 42.4007007203002 ], [ -83.234956923311103, 42.400731405299403 ], [ -83.233775673301594, 42.400758176204903 ], [ -83.232615231544898, 42.4007794215877 ], [ -83.231353331961998, 42.400803189497204 ], [ -83.230166412219603, 42.4008321063708 ], [ -83.228908435110299, 42.400860478312197 ], [ -83.227646929580899, 42.400889071066203 ], [ -83.226592891841605, 42.400913402662901 ], [ -83.226486041770201, 42.400915868667703 ], [ -83.225250165409705, 42.400944512907898 ], [ -83.224035181188498, 42.400973172899498 ], [ -83.222896205280605, 42.401003935852003 ], [ -83.221729419973101, 42.401034137878902 ], [ -83.221314001912901, 42.401044535114799 ], [ -83.220544048892705, 42.401064139503298 ], [ -83.219577299430497, 42.401091843843602 ], [ -83.219311773740401, 42.401107449715397 ], [ -83.218597437573806, 42.401122107674198 ], [ -83.218389985169097, 42.401128740810201 ], [ -83.218389568718706, 42.400746513939403 ] ] ] } },
{ "type": "Feature", "properties": { "FID": 10, "Battalion": "07", "Shape__Area": 60871276.25, "Shape__Length": 45269.146254397499, "Label_Name": "7th" }, "geometry": { "type": "Polygon", "coordinates": [ [ [ -83.071915807070496, 42.331240733469997 ], [ -83.071727697220496, 42.330902446434798 ], [ -83.071642028626798, 42.330753217285 ], [ -83.071012795979996, 42.329649292902502 ], [ -83.070840863906596, 42.329347278089401 ], [ -83.0705173581607, 42.328778096207799 ], [ -83.070306890043298, 42.328414531703601 ], [ -83.069996595424897, 42.3279056560256 ], [ -83.069919673618401, 42.327726175547703 ], [ -83.069376442932395, 42.326774112146197 ], [ -83.069264478373199, 42.32657383814 ], [ -83.069086810115706, 42.326261730679398 ], [ -83.068884731397205, 42.325902245377897 ], [ -83.068792807566098, 42.325738844741998 ], [ -83.068395697071395, 42.325039129164203 ], [ -83.067897864781401, 42.324169707982499 ], [ -83.067734756245002, 42.3239110391156 ], [ -83.067704563533198, 42.323863160200098 ], [ -83.067670847069294, 42.323809689038796 ], [ -83.067652725351607, 42.323777195761203 ], [ -83.067592369076394, 42.3236689640148 ], [ -83.067386709061296, 42.323300175082899 ], [ -83.066849469790398, 42.322362360362298 ], [ -83.066771038961207, 42.322189104573603 ], [ -83.066730418188698, 42.322117194763401 ], [ -83.066676146199896, 42.322037247268902 ], [ -83.066618131878798, 42.321967298165497 ], [ -83.066512172559698, 42.321876626902601 ], [ -83.066389569475504, 42.321792414252997 ], [ -83.066149189188195, 42.321671980479898 ], [ -83.066327915536803, 42.321362627236603 ], [ -83.066184706517504, 42.321108114340397 ], [ -83.065927419122104, 42.32065086027 ], [ -83.065627694297703, 42.320134193721699 ], [ -83.063636744507306, 42.316857474052398 ], [ -83.073527935652507, 42.310889240802901 ], [ -83.076271726402396, 42.309523503366798 ], [ -83.078185661408199, 42.308572998860598 ], [ -83.080019651311702, 42.307171571025698 ], [ -83.090733728681599, 42.296280456466199 ], [ -83.095123869046404, 42.292120232558702 ], [ -83.097703528503601, 42.289675335650998 ], [ -83.099976983363206, 42.286698075873097 ], [ -83.103281281122705, 42.287941337200202 ], [ -83.107898226049002, 42.288963808127903 ], [ -83.109317356770603, 42.289230985468699 ], [ -83.109370554633898, 42.289237312707698 ], [ -83.111143522305198, 42.289474301067699 ], [ -83.112073603720603, 42.289587672590201 ], [ -83.113656418287505, 42.289998327763499 ], [ -83.114704972393795, 42.290177277707102 ], [ -83.115845639664599, 42.290230459209702 ], [ -83.116477340725098, 42.290194626603402 ], [ -83.116624157399301, 42.2901862986173 ], [ -83.117375915605606, 42.290021343299401 ], [ -83.117990606693894, 42.289788826038702 ], [ -83.118207459054602, 42.289727223723098 ], [ -83.118259089792303, 42.289707095708302 ], [ -83.119331012635399, 42.289064180135803 ], [ -83.119540015725804, 42.288762402133401 ], [ -83.119695775058204, 42.2883932612949 ], [ -83.119862185356098, 42.288022435695098 ], [ -83.119958741131597, 42.287562074527699 ], [ -83.119815448252993, 42.286463741677103 ], [ -83.119508693850094, 42.285612626689797 ], [ -83.119387353064397, 42.285124438183402 ], [ -83.119348404320206, 42.2847699030916 ], [ -83.119371712514607, 42.284409471020197 ], [ -83.119073628917207, 42.283291171295197 ], [ -83.118941393305406, 42.282983144923399 ], [ -83.117843140942497, 42.281171388020297 ], [ -83.117722933050999, 42.280420126087897 ], [ -83.1177076367035, 42.2800333060759 ], [ -83.117728587878105, 42.279820071992503 ], [ -83.117748396825604, 42.279631475454899 ], [ -83.117855532514, 42.279469774101003 ], [ -83.118062194599105, 42.279310614895998 ], [ -83.118377541626998, 42.279195340766698 ], [ -83.118856103028406, 42.279141787285099 ], [ -83.119441068692197, 42.279181388659197 ], [ -83.121975436307906, 42.2794433903033 ], [ -83.128794734617003, 42.2807990184834 ], [ -83.130284600863206, 42.2811086029864 ], [ -83.131574762232205, 42.281416581152897 ], [ -83.1328608845307, 42.281812497778397 ], [ -83.134294060735101, 42.282234147667403 ], [ -83.1356831152777, 42.282751937538201 ], [ -83.135766665349095, 42.282592959221198 ], [ -83.135852004394195, 42.282619310110803 ], [ -83.135871347939201, 42.282586678281099 ], [ -83.135927970767398, 42.282541007380097 ], [ -83.135962242067194, 42.2825286289495 ], [ -83.135982376082396, 42.282500432913899 ], [ -83.136020193675506, 42.282475630625399 ], [ -83.136084489004901, 42.282481406737404 ], [ -83.136172286953098, 42.2825032046782 ], [ -83.136299999411605, 42.282534369420297 ], [ -83.136511678126993, 42.282578356417702 ], [ -83.136779368837793, 42.282628906752201 ], [ -83.137113235955894, 42.282695050449398 ], [ -83.137221593984705, 42.282737651719401 ], [ -83.137536117298396, 42.282893209463701 ], [ -83.138033074363804, 42.282297068188797 ], [ -83.138313900128907, 42.281956704215901 ], [ -83.138530704227605, 42.281698907146797 ], [ -83.138775148406197, 42.281405674277103 ], [ -83.139056830301797, 42.281078540086597 ], [ -83.1393701981888, 42.280706007426701 ], [ -83.139539598449403, 42.280509158811903 ], [ -83.139827213274003, 42.280173509879901 ], [ -83.140406799481397, 42.279491038168402 ], [ -83.140639248129702, 42.2792046038387 ], [ -83.140724670340106, 42.2790979082625 ], [ -83.140781045609899, 42.279044916649397 ], [ -83.140816910981002, 42.279015525806798 ], [ -83.140853102012699, 42.2789694623144 ], [ -83.140907132027905, 42.278893038692303 ], [ -83.140973636541005, 42.278793880862402 ], [ -83.141051272902899, 42.278679179224902 ], [ -83.141128013112805, 42.278569232723903 ], [ -83.141217190298406, 42.278438574740399 ], [ -83.141288213593796, 42.278333926372298 ], [ -83.141354260833893, 42.278237561807799 ], [ -83.141416183632998, 42.278147108722699 ], [ -83.141514411706297, 42.278004637956698 ], [ -83.141614336413099, 42.277857420571102 ], [ -83.141739841188098, 42.277673553533397 ], [ -83.141888402718905, 42.277458966494301 ], [ -83.142004003642299, 42.277289285900601 ], [ -83.142117139433594, 42.277122557063997 ], [ -83.142174143928997, 42.277037410494202 ], [ -83.142279784072798, 42.276884894259901 ], [ -83.142409376421099, 42.276696901859303 ], [ -83.142515955362498, 42.276537248246903 ], [ -83.142652937150203, 42.2763404025931 ], [ -83.142725626872405, 42.276232197716602 ], [ -83.143075079685801, 42.275718100888803 ], [ -83.143096783568495, 42.275690938937501 ], [ -83.1431285662227, 42.275665076083598 ], [ -83.143233023353105, 42.275613793478598 ], [ -83.143438007659199, 42.275507015865699 ], [ -83.143683417183695, 42.2753834027124 ], [ -83.143956424574199, 42.275242815404702 ], [ -83.143985605001504, 42.275227049151297 ], [ -83.1440726646575, 42.275121976936802 ], [ -83.144185210107096, 42.274985017520301 ], [ -83.1443429468559, 42.274792562555199 ], [ -83.144453817623599, 42.274659158481001 ], [ -83.144619768818202, 42.274456666814501 ], [ -83.1446632749511, 42.274405320995697 ], [ -83.144910012759695, 42.274119390729297 ], [ -83.145048161273195, 42.2739562394381 ], [ -83.145395274767694, 42.273552014157801 ], [ -83.145579790630194, 42.273337619003001 ], [ -83.145792420032606, 42.273090554930398 ], [ -83.146009860239104, 42.272837992271299 ], [ -83.146118178479895, 42.2727117064656 ], [ -83.146230652448907, 42.272581743987402 ], [ -83.146355105297999, 42.272434194265799 ], [ -83.146423490809397, 42.272354207680898 ], [ -83.146636115022403, 42.272102965130301 ], [ -83.146806668435701, 42.271903292254201 ], [ -83.1469476617672, 42.271733197644799 ], [ -83.147105031732806, 42.271548928633599 ], [ -83.147267381237597, 42.271356939006701 ], [ -83.147452011182494, 42.271137085806501 ], [ -83.147708267021002, 42.270836083225603 ], [ -83.147878884692403, 42.270632821446597 ], [ -83.147983579728006, 42.270507181983398 ], [ -83.148112924245794, 42.270356094958899 ], [ -83.148332170066396, 42.270094756051002 ], [ -83.148502737106398, 42.269893884271703 ], [ -83.148815883048997, 42.2695235303242 ], [ -83.1490087258518, 42.269294794158697 ], [ -83.149356477037998, 42.268883551931097 ], [ -83.149546026960095, 42.268658366687603 ], [ -83.149574020267096, 42.2686263783675 ], [ -83.149657269924106, 42.268526816570201 ], [ -83.149799028170406, 42.268357923417497 ], [ -83.150085785959803, 42.268018973876302 ], [ -83.150285186781701, 42.267783727779197 ], [ -83.150451624386605, 42.267587592666501 ], [ -83.150660972677997, 42.2673375043953 ], [ -83.150790877479295, 42.267180994718899 ], [ -83.150876805014704, 42.267078363452299 ], [ -83.150985699120696, 42.266949929261102 ], [ -83.151084503204004, 42.2668367798316 ], [ -83.151241906724493, 42.266646835952898 ], [ -83.151402024192393, 42.266461782171902 ], [ -83.151432228486399, 42.266425895020497 ], [ -83.151525904600405, 42.266316853648597 ], [ -83.151616147269905, 42.266211810044702 ], [ -83.151713792033206, 42.266097315987302 ], [ -83.151825373722303, 42.265966890261303 ], [ -83.151943520226396, 42.265828793232799 ], [ -83.152075642901906, 42.265672978515802 ], [ -83.1522044284456, 42.265523679133302 ], [ -83.152316022067296, 42.265392657917197 ], [ -83.152418600469304, 42.265271665802402 ], [ -83.152589250965704, 42.265072190968503 ], [ -83.152644199081493, 42.265009053534598 ], [ -83.152752514696004, 42.264881570445802 ], [ -83.152947767586099, 42.264653771209503 ], [ -83.1530971132172, 42.2644778900193 ], [ -83.153234245886694, 42.264311407616397 ], [ -83.153434618517394, 42.26406758233 ], [ -83.153607108440497, 42.263855618410702 ], [ -83.153764766251001, 42.263664340442297 ], [ -83.1539208172874, 42.263473045973001 ], [ -83.1540620943546, 42.263299459669298 ], [ -83.154196758505407, 42.263135927337899 ], [ -83.154356932549703, 42.262938720326602 ], [ -83.154525283911894, 42.262733262947897 ], [ -83.154728919959496, 42.2624858967419 ], [ -83.154998314641503, 42.262155257483798 ], [ -83.155245379193204, 42.261859517542597 ], [ -83.155412075273404, 42.261656423649697 ], [ -83.155667404934803, 42.261347668696096 ], [ -83.155900619007795, 42.261063095497299 ], [ -83.156163332178807, 42.260745484695498 ], [ -83.156344783725501, 42.260525275828101 ], [ -83.156566458770499, 42.260256658152301 ], [ -83.156733155394605, 42.260052966360398 ], [ -83.158326733957296, 42.258118880753898 ], [ -83.158938477695997, 42.2573757692847 ], [ -83.159052565992397, 42.257233263171699 ], [ -83.159223299854602, 42.257027228489903 ], [ -83.159357079754002, 42.256866658494502 ], [ -83.159452243164097, 42.256754514086403 ], [ -83.159554015606801, 42.256632315126403 ], [ -83.159642683888507, 42.256524270182702 ], [ -83.159742783445097, 42.256405626887201 ], [ -83.159830593840496, 42.256300551153402 ], [ -83.159941375812707, 42.256168322934499 ], [ -83.160002915505501, 42.256095127420302 ], [ -83.1600817485444, 42.255998293512803 ], [ -83.1601613224678, 42.255904445026502 ], [ -83.160254080029901, 42.255792274363898 ], [ -83.160398492831206, 42.2556205012066 ], [ -83.160523126784, 42.255469740426598 ], [ -83.160606885923301, 42.255523199259997 ], [ -83.160803140650302, 42.255656313194301 ], [ -83.160969338907506, 42.255768262107601 ], [ -83.161094190495604, 42.255862498771101 ], [ -83.161333750139605, 42.256036571018903 ], [ -83.161835750464704, 42.2561961619516 ], [ -83.161968651219794, 42.256150127943897 ], [ -83.162660521538101, 42.257024629445603 ], [ -83.162858387150195, 42.257241136406698 ], [ -83.163116896495097, 42.257472580728503 ], [ -83.163600808202105, 42.257823149213102 ], [ -83.164383593378204, 42.2583079111253 ], [ -83.165260795205398, 42.258886578586299 ], [ -83.165606258585697, 42.259099880309101 ], [ -83.166076682394504, 42.259486028702298 ], [ -83.166306402114799, 42.259714778118003 ], [ -83.166515469583402, 42.2600171590651 ], [ -83.166583722654096, 42.260136995926899 ], [ -83.166639616405703, 42.260399638448298 ], [ -83.166643797339702, 42.2606831734306 ], [ -83.166670736239496, 42.261284864620997 ], [ -83.166706361919793, 42.261517513071503 ], [ -83.166797241394306, 42.261795414725299 ], [ -83.166944521591304, 42.262059024528803 ], [ -83.166944872635497, 42.262059617998702 ], [ -83.167160207656494, 42.2624246472487 ], [ -83.167161951038295, 42.262427600964003 ], [ -83.167669831119994, 42.2633293064399 ], [ -83.167917849294398, 42.263775628363703 ], [ -83.167991836958805, 42.263889568899302 ], [ -83.168058695532295, 42.263996265105199 ], [ -83.168131444557702, 42.264071136330301 ], [ -83.168286803964094, 42.264187494784998 ], [ -83.168373900394499, 42.264244995104001 ], [ -83.168466174159207, 42.264306926871797 ], [ -83.168564967783098, 42.2643637052348 ], [ -83.168672100055204, 42.264415619516598 ], [ -83.168786831036201, 42.264463202105901 ], [ -83.168941937216303, 42.264508342612501 ], [ -83.169065745751496, 42.264544135726503 ], [ -83.169224224434004, 42.264579664725801 ], [ -83.169370336937305, 42.264602637523502 ], [ -83.169644832605101, 42.264660433488103 ], [ -83.169545897454299, 42.264802325076502 ], [ -83.169167159462503, 42.265319446868297 ], [ -83.168607314015105, 42.266081814170597 ], [ -83.168368725141406, 42.266397922082803 ], [ -83.168142558634997, 42.266693315100298 ], [ -83.167858674249601, 42.267071476752101 ], [ -83.167435189083605, 42.267620875895197 ], [ -83.166344139155996, 42.2689017124817 ], [ -83.165658876178398, 42.269719317266201 ], [ -83.164973821748603, 42.270525008180201 ], [ -83.164391317064698, 42.271209692030297 ], [ -83.163730512923294, 42.272003722655697 ], [ -83.163311995461598, 42.272499558854101 ], [ -83.162733290659403, 42.273193207679597 ], [ -83.162191741564797, 42.273830669870499 ], [ -83.1618179866623, 42.2742912427032 ], [ -83.161171268167706, 42.274975227355398 ], [ -83.161161561944397, 42.274986724746398 ], [ -83.160852863759303, 42.275352410087201 ], [ -83.160720273643406, 42.275511863131598 ], [ -83.160593194121404, 42.275664167944001 ], [ -83.160522279025997, 42.275748460577397 ], [ -83.160323305432399, 42.275985763085203 ], [ -83.160116398661501, 42.276235129774001 ], [ -83.1599775358263, 42.276399458363898 ], [ -83.159833694419902, 42.276572309996901 ], [ -83.159672148808994, 42.276764984105 ], [ -83.159435751512802, 42.277046195713602 ], [ -83.159204216023596, 42.277324600801698 ], [ -83.159035779773305, 42.277525061949902 ], [ -83.158859450521206, 42.277735444792 ], [ -83.158802275562707, 42.277805589110699 ], [ -83.158730340322606, 42.277892729443302 ], [ -83.158592457850304, 42.278055637045 ], [ -83.158440719177193, 42.278238408863402 ], [ -83.158301818663901, 42.278404164014297 ], [ -83.158075238740906, 42.278674758428799 ], [ -83.1580586927615, 42.2786926690531 ], [ -83.158244765730998, 42.278852137027499 ], [ -83.158439279344606, 42.279018835631703 ], [ -83.158693475897607, 42.279239671880099 ], [ -83.1590280028542, 42.279538243009 ], [ -83.1597356343988, 42.280169805108201 ], [ -83.160741079843305, 42.2811568224677 ], [ -83.160821206528396, 42.281231235619998 ], [ -83.160862850790807, 42.281274459630602 ], [ -83.160865653993298, 42.281279432580199 ], [ -83.160889222631795, 42.281302640466599 ], [ -83.160941076150706, 42.281345812759803 ], [ -83.161476633089805, 42.281865145750899 ], [ -83.161803557250494, 42.282241200580401 ], [ -83.161881323187202, 42.282339719186503 ], [ -83.162026708119299, 42.282540969381799 ], [ -83.162188805689496, 42.282799842637203 ], [ -83.162302578567505, 42.283012011468898 ], [ -83.1624550101144, 42.2833448836275 ], [ -83.162951773788393, 42.284460515446398 ], [ -83.163066970901895, 42.284693408412899 ], [ -83.163184858479795, 42.284931461126902 ], [ -83.163346723730697, 42.2852219337869 ], [ -83.163374033854694, 42.285270934655202 ], [ -83.163811574946195, 42.286062965394102 ], [ -83.163912916982397, 42.286247449626003 ], [ -83.164169649800897, 42.286687490557597 ], [ -83.164229153769099, 42.286764924762402 ], [ -83.164316315120999, 42.286848233737601 ], [ -83.164567798825104, 42.287088512805603 ], [ -83.164841615149996, 42.287347392339001 ], [ -83.164974245740297, 42.287449374190203 ], [ -83.164985579681996, 42.287459684007899 ], [ -83.165262039226803, 42.2877111199833 ], [ -83.1657274871922, 42.288091279591299 ], [ -83.166440299452105, 42.288706155310003 ], [ -83.166548796307097, 42.2888063689429 ], [ -83.166660186758307, 42.288913791886799 ], [ -83.166769887940305, 42.289036145083202 ], [ -83.166856842724201, 42.289155826428697 ], [ -83.167026582088894, 42.289467264968003 ], [ -83.167059681451903, 42.289530732358401 ], [ -83.167078753348093, 42.289579567692201 ], [ -83.166100559113005, 42.289824958977903 ], [ -83.165277664869194, 42.290063753435 ], [ -83.164698054340207, 42.290319605730303 ], [ -83.164264988972405, 42.290588465758901 ], [ -83.163041023626107, 42.291264440141603 ], [ -83.162669718277897, 42.291433162075499 ], [ -83.162242023074896, 42.291598373801598 ], [ -83.161748326796996, 42.291789079424603 ], [ -83.161405175425898, 42.2918493717968 ], [ -83.1612618963009, 42.291864340272397 ], [ -83.160962091299893, 42.291895660186597 ], [ -83.160473426948101, 42.291923568570098 ], [ -83.159131967097096, 42.291949584161102 ], [ -83.158669255779998, 42.291958554958299 ], [ -83.1583335665607, 42.292024770105002 ], [ -83.158102915353197, 42.292162556619402 ], [ -83.1579407617795, 42.292325044834101 ], [ -83.157850513277793, 42.2924376488888 ], [ -83.157812522079297, 42.292591776814803 ], [ -83.157805263370093, 42.292681156723397 ], [ -83.157794832171703, 42.292809598620103 ], [ -83.157791805765797, 42.293045021797703 ], [ -83.157837247169496, 42.293235715308299 ], [ -83.1578990537881, 42.293382005871202 ], [ -83.157928004998197, 42.293450525288399 ], [ -83.158029374045896, 42.293602420132899 ], [ -83.158138469927195, 42.293754509781699 ], [ -83.158231852296893, 42.293911947648297 ], [ -83.158260526688395, 42.2941309370973 ], [ -83.158251611966307, 42.294326005095897 ], [ -83.158179037079407, 42.294559675954801 ], [ -83.158013733039098, 42.294791011454997 ], [ -83.157774437967007, 42.294964620921299 ], [ -83.157479035757902, 42.295114409674099 ], [ -83.157327726550804, 42.295181350864297 ], [ -83.157165610761197, 42.295234897647298 ], [ -83.156966265987094, 42.295270512866999 ], [ -83.156892774917594, 42.295279716871697 ], [ -83.156502969304, 42.2953445634164 ], [ -83.156083828218001, 42.295374204456898 ], [ -83.155617353290694, 42.295476361861901 ], [ -83.155362887134004, 42.295543617741203 ], [ -83.154811958758998, 42.295583750332703 ], [ -83.1544824600482, 42.295555794678499 ], [ -83.154124958701303, 42.295561511254 ], [ -83.153630584821997, 42.295666914251697 ], [ -83.1517705260963, 42.296268282596998 ], [ -83.151485484320901, 42.296280732259099 ], [ -83.151083340843101, 42.296240686563003 ], [ -83.150837760174497, 42.296213543341601 ], [ -83.150545747209193, 42.296122399793703 ], [ -83.150339221129798, 42.296012473720097 ], [ -83.150072416990696, 42.295832962171701 ], [ -83.149766946154998, 42.295573940221402 ], [ -83.149682325835101, 42.295419972885597 ], [ -83.149688413024194, 42.295236715965302 ], [ -83.149615791338903, 42.295018726305301 ], [ -83.149560608405096, 42.294868886161701 ], [ -83.149553629323904, 42.2947202629909 ], [ -83.1495694231145, 42.294526145299997 ], [ -83.149496624871105, 42.2943093142595 ], [ -83.149424061317404, 42.294087370566501 ], [ -83.149284974841294, 42.293812557525499 ], [ -83.1491466827229, 42.293670853998101 ], [ -83.149020435233098, 42.2934168397313 ], [ -83.148823445350402, 42.293201988887702 ], [ -83.148682342235603, 42.293121639624999 ], [ -83.148514070526602, 42.292881919960102 ], [ -83.148107067129104, 42.292710048935703 ], [ -83.147991403361601, 42.2926181212259 ], [ -83.147845648070799, 42.292567316748801 ], [ -83.147663234146506, 42.292546998703301 ], [ -83.1474728180265, 42.292547419467503 ], [ -83.147322070357703, 42.292577001570002 ], [ -83.147108081842902, 42.292658614013803 ], [ -83.146956156229393, 42.292801672764099 ], [ -83.146711601313598, 42.292830491687603 ], [ -83.146375619120107, 42.292887308903197 ], [ -83.146225404640603, 42.2929923057672 ], [ -83.145342157020593, 42.293236653178603 ], [ -83.144477233880906, 42.293592042093799 ], [ -83.144321112076895, 42.293883072941902 ], [ -83.144303087352895, 42.2938875714811 ], [ -83.144212863195506, 42.293947942523303 ], [ -83.144104806863794, 42.294017650983299 ], [ -83.144064353950498, 42.294076176073702 ], [ -83.144014800395894, 42.294148896741397 ], [ -83.144070958040402, 42.294353783975801 ], [ -83.144073908903806, 42.294366918289398 ], [ -83.144044891298904, 42.294497035248803 ], [ -83.143998579439497, 42.294568004488198 ], [ -83.143960952258894, 42.294605119890299 ], [ -83.143785266935495, 42.294728295191497 ], [ -83.143675760996402, 42.294708055612901 ], [ -83.1436002547008, 42.294713197328797 ], [ -83.143560897390302, 42.294715750415001 ], [ -83.143511076204007, 42.294719977895397 ], [ -83.143466104907404, 42.2947224703926 ], [ -83.143437196143296, 42.294723945826497 ], [ -83.143413902586303, 42.2947254809269 ], [ -83.143370628669999, 42.294723227724297 ], [ -83.143329900263296, 42.294713854657701 ], [ -83.143302757630707, 42.294707010583302 ], [ -83.143132078558395, 42.2946563318405 ], [ -83.143078645136299, 42.294640270344701 ], [ -83.143037361354999, 42.294618384738001 ], [ -83.142926938312698, 42.294562995846803 ], [ -83.142849910155903, 42.2945228570441 ], [ -83.142813343327504, 42.294505786234602 ], [ -83.1427878902538, 42.2944947914566 ], [ -83.142743917576098, 42.294487169538499 ], [ -83.142353608038107, 42.294468662361403 ], [ -83.142097982773294, 42.294782151256598 ], [ -83.141976854767705, 42.294932018919297 ], [ -83.141802603934195, 42.295145495295003 ], [ -83.141643444567194, 42.295341981983498 ], [ -83.141529056528199, 42.295480824672097 ], [ -83.141423481171103, 42.295628338704901 ], [ -83.141236008215003, 42.295894082306901 ], [ -83.1410550613585, 42.296154178661602 ], [ -83.140871583394201, 42.2964123412536 ], [ -83.140722431003297, 42.296752824748097 ], [ -83.140651258856906, 42.296913098524499 ], [ -83.140619330510205, 42.297035679360803 ], [ -83.140535250076198, 42.297395924759599 ], [ -83.140527069465904, 42.297551161152803 ], [ -83.140505420144606, 42.297934952417201 ], [ -83.140477679826006, 42.298040426035698 ], [ -83.140370345349695, 42.2984080435143 ], [ -83.140335981918199, 42.298523926947603 ], [ -83.140215576717793, 42.299034340210603 ], [ -83.140184743608501, 42.299166462541898 ], [ -83.140234447793503, 42.299838805207699 ], [ -83.140294445871106, 42.300051953805898 ], [ -83.140357030182102, 42.300264177719299 ], [ -83.140502094214199, 42.300590690596501 ], [ -83.140597899674006, 42.300810896269901 ], [ -83.140634698968199, 42.300898009976002 ], [ -83.140866524420005, 42.301316939225501 ], [ -83.141064842181393, 42.301677379245298 ], [ -83.141219793328702, 42.301958257163299 ], [ -83.141270084801306, 42.302208464883002 ], [ -83.141332906834606, 42.302539804527903 ], [ -83.14138855201, 42.302844386176801 ], [ -83.141442304127196, 42.303114641505601 ], [ -83.141514404717498, 42.303496586057101 ], [ -83.141549021667799, 42.303695166897697 ], [ -83.141635797770604, 42.304114433565097 ], [ -83.141669656537402, 42.304286323956099 ], [ -83.1417400527789, 42.304624416144399 ], [ -83.141742209265502, 42.304645403261397 ], [ -83.141869107222803, 42.304851650735699 ], [ -83.141948691531397, 42.304983059793301 ], [ -83.141974858866902, 42.305023364782699 ], [ -83.142060789939805, 42.305354953491197 ], [ -83.142108265106003, 42.305552719452898 ], [ -83.142153098525299, 42.305754269128599 ], [ -83.142153988351396, 42.305774289945496 ], [ -83.142077480369295, 42.306075537264597 ], [ -83.142016076357805, 42.306326443748297 ], [ -83.141805213655601, 42.306539526040801 ], [ -83.141418522569595, 42.306619205464202 ], [ -83.141256778555501, 42.306684161764501 ], [ -83.141100203942401, 42.306747268467902 ], [ -83.140978619882901, 42.306793600634002 ], [ -83.140824650718301, 42.306854828989898 ], [ -83.140763858513097, 42.306877994491401 ], [ -83.140610212056202, 42.307053575848698 ], [ -83.140615401663297, 42.307247073993899 ], [ -83.140758635674402, 42.307445290410001 ], [ -83.140727157534101, 42.3076696205083 ], [ -83.140686874686907, 42.307748418691403 ], [ -83.140678444724401, 42.307822458652801 ], [ -83.140621640099397, 42.308067696686699 ], [ -83.140286787049902, 42.308252753673401 ], [ -83.140146286513499, 42.308347001906199 ], [ -83.139988121798098, 42.308458212299101 ], [ -83.139907726195901, 42.308531670144298 ], [ -83.139801964135401, 42.308622006022198 ], [ -83.139715060808896, 42.308732557032499 ], [ -83.139715405192007, 42.308911231897802 ], [ -83.139776459517904, 42.309136304311302 ], [ -83.139879014161394, 42.309307508505697 ], [ -83.139989129206398, 42.3094859416818 ], [ -83.140131359124396, 42.3096961682322 ], [ -83.140350566586207, 42.310007282971704 ], [ -83.140421235124506, 42.3101352616154 ], [ -83.140488136162801, 42.310258910915202 ], [ -83.1405240070319, 42.31032814628 ], [ -83.140548092262307, 42.310425603976498 ], [ -83.140581842633907, 42.310570335887903 ], [ -83.140612133785694, 42.3106950182801 ], [ -83.140653575561501, 42.310856747172203 ], [ -83.140712411814903, 42.310998891445799 ], [ -83.140747284380097, 42.311086459630701 ], [ -83.140930822890894, 42.311334533859799 ], [ -83.141043701146202, 42.311487028494298 ], [ -83.141092954816898, 42.311561411750397 ], [ -83.141218663910706, 42.311730720999599 ], [ -83.141293081319603, 42.3118313433339 ], [ -83.141429908414494, 42.312022927492301 ], [ -83.1416155388156, 42.312279360780103 ], [ -83.141695776677906, 42.312394100817102 ], [ -83.141773155946794, 42.312491181150698 ], [ -83.141936212514494, 42.312720211588299 ], [ -83.141978901330305, 42.312779565343099 ], [ -83.142093691817706, 42.312939176411803 ], [ -83.142217410327703, 42.313112036659597 ], [ -83.142444313969406, 42.313424660010298 ], [ -83.142658713922103, 42.313720233197103 ], [ -83.1427144412323, 42.313792064524399 ], [ -83.142941860847102, 42.314111362495701 ], [ -83.143053883928502, 42.314258843219399 ], [ -83.143427123301095, 42.314770296284998 ], [ -83.143904876550195, 42.315436054745497 ], [ -83.143961145917501, 42.315513132450697 ], [ -83.144192091572904, 42.315833419299601 ], [ -83.144546539044796, 42.316321795113403 ], [ -83.144947679791599, 42.316885000876397 ], [ -83.145281547466496, 42.317343136269102 ], [ -83.145706807009105, 42.317937567848197 ], [ -83.145980969985899, 42.318314061033398 ], [ -83.146048504442803, 42.318404122757599 ], [ -83.146232623381593, 42.318641235528702 ], [ -83.146351857300999, 42.318798320140502 ], [ -83.1464796318634, 42.318961927980702 ], [ -83.146549904183701, 42.319062024887302 ], [ -83.1466510139105, 42.319210338003003 ], [ -83.146776416192594, 42.319396789913 ], [ -83.146825059857207, 42.319470210463898 ], [ -83.1468941469562, 42.3195817302677 ], [ -83.1469938482213, 42.319703583428399 ], [ -83.147050210714198, 42.319773732910001 ], [ -83.1470587212347, 42.3197843256686 ], [ -83.147196783639103, 42.319963766792398 ], [ -83.147576299651007, 42.320453117014701 ], [ -83.147964439707806, 42.320959004190399 ], [ -83.148141754923302, 42.3211860273627 ], [ -83.148439482164804, 42.321573726053302 ], [ -83.148557889475697, 42.321724366055697 ], [ -83.148696006419499, 42.321905618333503 ], [ -83.148910130218397, 42.322181258555197 ], [ -83.149205983624299, 42.322566790285499 ], [ -83.149363861293907, 42.322767881389098 ], [ -83.149445571705101, 42.3228745315282 ], [ -83.149577032031104, 42.323047466378 ], [ -83.149706526162703, 42.323222524706502 ], [ -83.149832309904198, 42.323390394880398 ], [ -83.149994728071206, 42.323605828363903 ], [ -83.150265041137203, 42.323968213356203 ], [ -83.150427461102893, 42.324183645306398 ], [ -83.1506433641363, 42.324471833697999 ], [ -83.150912763215203, 42.3248320634384 ], [ -83.1513427233062, 42.325404844419701 ], [ -83.1517492003304, 42.325947355903502 ], [ -83.152005492983804, 42.326288861203302 ], [ -83.152481433946704, 42.326925022178401 ], [ -83.152859809032506, 42.327427920385297 ], [ -83.153179006004606, 42.327853714196301 ], [ -83.153327222879298, 42.3280559963328 ], [ -83.153535450073406, 42.328327420715503 ], [ -83.153603356207896, 42.328302537886003 ], [ -83.154120210562397, 42.328097826296798 ], [ -83.154521362924697, 42.327940713453302 ], [ -83.154826306364001, 42.327819496616399 ], [ -83.155035735076098, 42.327739543984499 ], [ -83.155139875646199, 42.327708495966696 ], [ -83.155338446810603, 42.327650462981502 ], [ -83.1555822222752, 42.327579215468703 ], [ -83.155883280079493, 42.327492496904497 ], [ -83.156259393831704, 42.327384543082601 ], [ -83.156556126931406, 42.327300112224798 ], [ -83.156562305797607, 42.327676695845902 ], [ -83.156598694906506, 42.327806615809401 ], [ -83.156104093904105, 42.327941918273702 ], [ -83.155358547532401, 42.328145867655799 ], [ -83.155072665143607, 42.328224048260999 ], [ -83.154920408516602, 42.3282656868519 ], [ -83.153623728426894, 42.3286202935559 ], [ -83.153415533950096, 42.328681183867303 ], [ -83.153229052928594, 42.328735732282503 ], [ -83.153084247298395, 42.328778090102901 ], [ -83.152227503487495, 42.329028627779401 ], [ -83.151878107323796, 42.329130773246099 ], [ -83.151382997238102, 42.329275565225601 ], [ -83.150736243363497, 42.329461948753298 ], [ -83.150553967594703, 42.329512667110301 ], [ -83.150143510188002, 42.329607623157699 ], [ -83.149977173601599, 42.3296370885055 ], [ -83.149806997281203, 42.3296603348495 ], [ -83.149555257237594, 42.329698837407499 ], [ -83.1485390249603, 42.3298397426977 ], [ -83.148015886494093, 42.329914597379002 ], [ -83.147486645016201, 42.330004209019599 ], [ -83.146466617161195, 42.330161181972301 ], [ -83.145945345759102, 42.330238952804599 ], [ -83.145455514585194, 42.330309741282399 ], [ -83.144452809526996, 42.3304579688145 ], [ -83.142958084946898, 42.330655826616898 ], [ -83.142544096255193, 42.330719939201501 ], [ -83.1422927828566, 42.330781035579697 ], [ -83.142074400049907, 42.330851680734398 ], [ -83.141935469679197, 42.330893100142198 ], [ -83.141208187480601, 42.3311098753016 ], [ -83.1411373232865, 42.331122075543703 ], [ -83.140700539987606, 42.331174081581501 ], [ -83.140288221090898, 42.331185291598104 ], [ -83.139973016510993, 42.3311802328722 ], [ -83.139671844199796, 42.331175386245199 ], [ -83.138944006585305, 42.331153609978799 ], [ -83.138758771017905, 42.331147770695097 ], [ -83.138561078026001, 42.331141365882701 ], [ -83.137600956266297, 42.331110363991797 ], [ -83.137324670147706, 42.331104056453299 ], [ -83.136570107003706, 42.331098849629598 ], [ -83.136382643972297, 42.3310978066175 ], [ -83.1355379354967, 42.331104130889003 ], [ -83.135162913589696, 42.331106903126397 ], [ -83.134443489852799, 42.3311014188737 ], [ -83.133982453212795, 42.331098916739499 ], [ -83.1332884744198, 42.331105268052298 ], [ -83.132879273400704, 42.331108521070803 ], [ -83.131900352938501, 42.331119168095498 ], [ -83.130783043002197, 42.331115177012698 ], [ -83.130331067535195, 42.331118912931601 ], [ -83.129447554771104, 42.3311298328493 ], [ -83.1288680595556, 42.331139082877598 ], [ -83.127557751682204, 42.3311545620329 ], [ -83.127377245754303, 42.331155390813997 ], [ -83.127233577479799, 42.331156047270902 ], [ -83.126588849561202, 42.331159102260102 ], [ -83.125294560187797, 42.331136319537997 ], [ -83.124417867409306, 42.331138775197097 ], [ -83.123588031973597, 42.331133920234002 ], [ -83.122083810592002, 42.3311285220164 ], [ -83.120342108901099, 42.331120093904303 ], [ -83.119979620428197, 42.331115030164 ], [ -83.118843695336295, 42.331126222676801 ], [ -83.116817051854895, 42.331146137320502 ], [ -83.116523048887103, 42.331149026398002 ], [ -83.115670869661599, 42.331155820994098 ], [ -83.115533499968194, 42.331156428539401 ], [ -83.115408555832204, 42.331156702041802 ], [ -83.114719377473705, 42.331158219753299 ], [ -83.114003454613197, 42.3311624723463 ], [ -83.113206794511001, 42.331167318665202 ], [ -83.113041788833002, 42.331167311748402 ], [ -83.112828807520799, 42.331169491828703 ], [ -83.111773199064999, 42.331173714490603 ], [ -83.111478710049994, 42.331178416533 ], [ -83.110643959118704, 42.331184034502499 ], [ -83.109519383523704, 42.331191747794399 ], [ -83.108955147206402, 42.331195939271701 ], [ -83.108168684497002, 42.331201894219497 ], [ -83.107398734170701, 42.331207396706297 ], [ -83.105830771318594, 42.331199314391199 ], [ -83.104494009291102, 42.331210459748903 ], [ -83.103014519742004, 42.331299239377302 ], [ -83.102826923279494, 42.331302815209099 ], [ -83.102690053656005, 42.331299481643001 ], [ -83.102313025517702, 42.3312998143683 ], [ -83.101368392020007, 42.331314488778197 ], [ -83.099583366262905, 42.331327870613897 ], [ -83.098540363203895, 42.331272579319702 ], [ -83.096800926838498, 42.331279524450501 ], [ -83.095860338346696, 42.331323789006099 ], [ -83.095434918334504, 42.331349609013401 ], [ -83.095096549169298, 42.331376045590197 ], [ -83.094439266266207, 42.3314148436409 ], [ -83.094286238439807, 42.331420169680797 ], [ -83.094145205006996, 42.331423521302398 ], [ -83.093819066267898, 42.331431230581899 ], [ -83.093310014467093, 42.331431112910799 ], [ -83.093161270405204, 42.331431068707097 ], [ -83.093009490774307, 42.3314312918666 ], [ -83.092115469501096, 42.331436313523803 ], [ -83.091993883029204, 42.331437128403898 ], [ -83.0918857287229, 42.331437887878501 ], [ -83.090662977338496, 42.331446139092797 ], [ -83.090512044484299, 42.331447200404803 ], [ -83.090373621086002, 42.331448169028299 ], [ -83.089238816852898, 42.331455744624201 ], [ -83.089053495592594, 42.331456809397103 ], [ -83.088221416045798, 42.3314618423572 ], [ -83.087689832467404, 42.331462372104703 ], [ -83.087325341091201, 42.331457623559103 ], [ -83.086862681775699, 42.331464384798899 ], [ -83.085804884483593, 42.331467728090203 ], [ -83.085288389355497, 42.331474171381998 ], [ -83.084571690283198, 42.331485394966101 ], [ -83.084312396776198, 42.331483815297297 ], [ -83.083779427983103, 42.331478909565803 ], [ -83.083450685962902, 42.331460890991103 ], [ -83.083169121710696, 42.3314409137461 ], [ -83.082448063230103, 42.331386925165098 ], [ -83.082232861478801, 42.331369530816701 ], [ -83.081936129248305, 42.331353385579597 ], [ -83.081773710565201, 42.3313500156993 ], [ -83.081325357000907, 42.331351172702902 ], [ -83.081094864184905, 42.331351767666199 ], [ -83.080401653908595, 42.331353556225999 ], [ -83.080212338446302, 42.331354111076003 ], [ -83.079044461511998, 42.331360131039403 ], [ -83.077885901997604, 42.331367415342903 ], [ -83.077769994320704, 42.331362409765198 ], [ -83.076478761405099, 42.331355032009498 ], [ -83.074998545253905, 42.331382660500402 ], [ -83.074429599264903, 42.3313855516449 ], [ -83.073681201879197, 42.331389350199601 ], [ -83.073511366683704, 42.331390185194998 ], [ -83.073363312654806, 42.3313909629778 ], [ -83.072021484267097, 42.331398910209799 ], [ -83.071915807070496, 42.331240733469997 ] ] ] } }
]
}
